name,age,street,city,state,zip,lng,lat
Rebecca Davidson,32,275 Henderson Drives,New Kimberly,Washington,21012,100.702820,64.9629335
Mary Santana,23,4830 Deborah Inlet,Amandachester,Arkansas,22911,113.492185,-22.6943615
Elizabeth Carney,70,43148 Brian Coves,Tracyburgh,North Dakota,46586,127.661068,-10.4105385
Richard Hubbard,40,919 Regina Run Suite 004,New Alexandra,Iowa,72409,57.323763,-39.6448345
Margaret Hill,62,316 Anderson Turnpike Suite 398,Stokesborough,South Carolina,54913,127.968403,59.519553
Jessica Rice,53,5179 Robles Unions Apt. 942,Donaldfurt,Wisconsin,82968,24.559122,-21.232948
Monica Washington,43,43175 Laurie Springs,North Matthewmouth,New Jersey,91365,19.986540,16.891066
Samuel Swanson,61,539 Brittany Viaduct Apt. 198,Lake Briannabury,Pennsylvania,64334,-92.058197,55.818894
Monica Decker,25,24582 Reid Flats,Andersonstad,Wyoming,52195,-78.763051,3.7144615
Angela Marshall,60,6101 White Spur Apt. 247,South Coreybury,Tennessee,09925,160.092040,-13.353850
Adam Campos,78,069 Moss Center,Emilyberg,Minnesota,57926,-119.213249,17.064701
Kristina Carney,51,591 Thomas Ford Apt. 055,Kelleyhaven,Ohio,28600,-164.944133,11.7523885
Alyssa Martinez,64,66834 Haynes Field Apt. 252,East Andreaside,New Hampshire,10338,77.992106,-3.7147795
Jennifer Davis,28,8159 Jared Shoal,Christopherbury,Washington,82704,46.996482,72.712308
Sandra Allen,51,637 Perkins Place,Sharonstad,Hawaii,92963,-75.360899,31.8252705
Stephanie Potter,35,75190 Pratt Way,Jamesville,Massachusetts,94440,-138.044247,57.250126
Kimberly Conway,79,2562 Mathis Corners Apt. 059,West Brianachester,Kentucky,10426,117.541549,67.753833
Randy Smith,29,6031 Christopher Centers Apt. 163,East Mary,Alaska,02902,-56.825365,-51.7030195
Amanda Fisher,55,2275 Flores Rue Apt. 535,Heatherberg,Minnesota,44009,29.357742,-64.0356325
Jamie Williams,28,336 Haley Curve,North Amber,Connecticut,90417,7.777548,-11.118101
Mrs. Mary Braun,36,5707 Cortez Locks Apt. 708,East Brendaborough,New Hampshire,15582,-8.974980,37.003093
Kimberly Oneal,27,2792 Bryant Port,Jamesport,Arkansas,79921,-129.974925,82.7749335
John Manning,65,7311 Jose Terrace,West Calvin,Indiana,12085,-153.144176,-27.0213885
Shari Fisher,67,041 Maria Vista Suite 425,Saratown,Wisconsin,58482,-67.355119,-63.781406
Jason Burton,40,634 Alvarado Land,South Sabrina,Vermont,37975,-37.331911,-6.3776615
Michael Carrillo,33,14071 Morton Fork Suite 784,North Sonya,Maine,34691,23.434981,-13.149771
Jessica Clay,42,554 Charles Circle,Josemouth,Iowa,36455,-37.333887,38.659320
Alan Graves,58,05860 Joseph Trail,Wangville,Alaska,88332,-149.613508,-36.478843
Randall West,33,177 Young Drive Apt. 646,Angieberg,Michigan,64698,96.280491,-27.3669325
Angela Anderson,50,54150 Michelle Forks,Lake Kendrabury,Tennessee,82168,121.349181,64.0570225
Rebecca Smith,61,9915 Nathan Meadows Suite 856,East Victoria,Washington,81204,145.273513,-79.493459
Vanessa Brown,44,6352 Michael Ways,New Mariahberg,Massachusetts,56379,121.605212,81.4574275
Bryan Hurley,35,79431 Eric Alley,Hernandeztown,New Jersey,00684,164.372918,-27.1841605
Amy Anderson,55,22002 Walsh Green,Allisonton,West Virginia,12750,43.748659,72.122516
Jamie Bridges,18,165 Reid Spurs Apt. 937,West Kimberly,Oklahoma,51518,-4.246597,-60.883198
Joyce Torres,62,92729 Olivia Burgs,Bruceshire,West Virginia,81069,-157.510476,12.352341
Timothy Meyer,42,30914 Grant Common Suite 961,East William,Mississippi,83537,-47.667950,-75.505397
Lori Norris,52,57603 Gregory Drives Suite 114,Norrishaven,Wyoming,88624,43.435333,-8.5089085
Laura Brown,37,407 Jamie Road,East Jacobview,Minnesota,21153,-119.984414,63.7274685
Kevin Woodard,72,32314 Brown Mountains Suite 980,North Denise,Arizona,84819,-108.032934,-31.9515195
Larry Hughes,26,787 Leonard Isle,South Crystalport,Delaware,00750,53.613345,-61.0848595
Linda Hudson,32,9383 Jacob Forest Suite 600,North Thomas,Georgia,77611,160.726959,-30.677915
Olivia Shaw,80,63423 Williams Lodge Suite 041,West Paul,Mississippi,53495,124.111016,17.0718865
Nicholas Martin,72,53876 Hood Street,Lake Traciberg,Pennsylvania,24426,-52.869347,-11.676622
Mark Boyer,38,31564 Spears Motorway,Bensonchester,New Jersey,14722,109.666138,36.036823
Casey Hudson,68,583 Kyle Avenue,Taraburgh,Massachusetts,57551,79.459407,72.998976
Kathy Riddle,34,7259 Schmidt Highway,Russellborough,North Carolina,27456,157.901547,-70.048319
Robert Allen,43,8805 Cameron Dam,Douglasberg,North Carolina,82186,134.373654,61.370322
Michael Ortiz,47,68772 Solomon Vista Suite 618,Cynthiaville,New Jersey,12217,-86.332311,-76.8155055
Wesley Lee,52,05052 Alexander Meadows,New Heatherfurt,Mississippi,81771,-125.728633,62.8229685
Arthur Bennett,77,935 Robert Walk Apt. 827,South Erinport,Indiana,00548,97.278390,7.1764585
Christopher Contreras,20,05720 Moore Greens,Lake Nicole,North Dakota,89958,-33.855078,14.555466
Lisa Rodriguez,73,503 Williams Bypass,East Richardshire,Massachusetts,90514,128.756146,-74.1043255
Brenda Thompson,22,2848 Donna Mountains Apt. 219,Hodgesland,South Dakota,73547,-36.042360,-65.5621805
Mark Nicholson,57,169 Anderson Inlet,Lake Cheyenne,Alabama,00826,70.645223,80.4581515
Brett Soto,22,89341 Ramirez Manors Apt. 342,Stephensstad,Indiana,50983,-43.194397,-36.326170
Theresa Carey,76,5790 Cameron Court Suite 641,Nelsonburgh,Ohio,59145,171.235601,41.035375
Brett Hernandez,61,186 Anderson Mount,Lake Taylor,Texas,72328,64.175037,46.7741325
James Stewart,36,6036 Nelson Stream Suite 149,Johnsonfurt,New Mexico,29645,38.624091,23.4077705
Eric Lynch,55,244 White Way Suite 338,Normanshire,Illinois,60164,179.743410,85.1641475
John Shaffer,32,24428 Amanda Lodge Apt. 031,New Timothy,Rhode Island,47729,-99.910903,78.5301405
Anna Henderson,27,823 Young Manors,Ashleyville,North Carolina,24195,143.250060,38.0696095
Christopher Hall,18,96324 Jermaine Islands Suite 719,Aaronton,New Jersey,53927,-53.969526,-4.3556825
Derek Maxwell,22,29538 Wyatt Ways,North Lori,Alaska,08825,-141.645998,51.0737455
Randy Baker,33,13852 Guerra Forges Apt. 654,Barryhaven,Nevada,59685,19.629909,72.864404
Michael Douglas,68,87845 Turner Divide Apt. 685,South Jeffrey,Louisiana,74838,-4.359082,-18.578972
Jamie Baker,41,313 Jonathan Spur Suite 088,Johnsonborough,Vermont,50043,146.893428,-71.246938
Mary Warren,59,9248 David Track Suite 044,South Brooke,Maryland,55488,-74.524573,38.755193
Benjamin Kelly,48,406 Ricky Corners Suite 856,Lake Scottborough,Wisconsin,93694,0.753189,-45.5219205
Brendan Johnson,48,15904 Rebecca Run Apt. 725,North Tamistad,Massachusetts,65400,-79.747563,-59.396430
Kyle Pacheco,39,39239 Rivers Viaduct Apt. 458,North Lauraville,Michigan,95940,-68.353752,78.9763575
Christina Taylor,33,599 Kennedy Village Apt. 364,Ashleyberg,North Carolina,35888,112.959931,28.2021655
Jimmy Dominguez,78,64382 Duncan Ridge,East Annaland,Utah,00780,-127.549612,33.9278705
Travis Erickson,72,49368 Rebecca Vista Suite 344,Hendersonport,New Jersey,44790,-3.942905,42.005905
Jonathan Rose,79,755 Jackson Brooks,Hallshire,Oklahoma,76828,97.813488,2.5252045
Megan Smith,49,98599 Sarah Drive Suite 650,South Kenneth,Tennessee,35234,-160.874835,-6.5847035
Megan Sanders,22,99792 Elizabeth Knolls Apt. 442,Elizabethchester,Illinois,85660,140.435643,-75.666296
David Walton,21,45894 Dana Fall,West William,Idaho,82400,32.276709,-68.743582
Tyrone Campbell,41,7339 Dawn Vista Suite 692,New Michael,Louisiana,54684,-53.800517,8.504135
Autumn Gregory,48,1242 Parks Brook Apt. 045,Brandtbury,Texas,94560,-73.001815,-14.6075725
William Miller,75,16443 William Route,West Christopherfort,New Hampshire,29764,-4.415394,-44.1110885
Jennifer Miranda,56,9919 Adam Mountain Apt. 097,New Jessica,Wyoming,90225,-35.106731,-61.650848
Douglas Sparks,55,767 Sandoval Lake Suite 873,Davidview,Wyoming,50258,9.145194,-13.1759295
Thomas Maddox,74,997 Stephanie Isle Apt. 449,Corybury,Wisconsin,02846,-167.612663,45.0704555
Roger Rodriguez,32,722 Mercedes Vista,Kennethside,South Carolina,95926,-0.609427,46.9018855
Terri Sullivan,21,49371 Spence Locks Suite 346,Port Richardbury,Louisiana,87761,-173.596815,-28.3227105
Sara Swanson,33,9135 Geoffrey Forge Apt. 256,Garciatown,Illinois,25449,105.414808,-21.3817405
Mr. Christopher Garrett,49,1393 Vazquez Parkways,South Bianca,North Carolina,16753,-25.889235,-22.9271355
Jill Anderson,23,14484 Melendez Land Apt. 590,South Jennifer,Arizona,15669,-25.585806,-86.1729565
Jonathan Bell,26,681 Amy Tunnel,Campbellbury,Vermont,10098,92.460570,24.6802605
Darren Christensen,75,972 Gaines Gardens,Stephanieview,Michigan,25734,179.549535,18.5287845
Michael Knox,41,939 Nicholas Run,Walkermouth,Florida,46411,76.347861,-42.5122705
Gregory Smith,77,48072 Diane Plain,West Jeffrey,California,48559,48.046255,-81.8352085
Sonya Howell,67,25966 Montoya Bridge Apt. 283,Courtneyfort,Michigan,75560,-36.560856,56.785386
Stephen James,71,8476 James Rapids Apt. 370,West Candiceshire,Kentucky,96203,23.514779,-59.8444055
Gabriel Santos,65,15535 Mann Via,South Christopher,North Dakota,95491,-20.592590,37.866776
Renee Mcdonald,29,5381 Timothy Bridge Suite 741,East Angela,South Dakota,31951,68.839608,35.0479495
Melinda Phillips,29,960 Johnson Corners,South Maxwelltown,Louisiana,54487,34.103043,17.670070
Jonathan Martinez,73,335 Davila Pines Suite 918,East Keith,Vermont,35448,85.621712,-30.7200405
Laura Wolfe,66,39260 Duncan Garden Suite 443,West Larryfurt,Iowa,02097,135.793728,69.3213445
Shawn Escobar,51,9068 Connor Union,Nicoleland,Louisiana,09080,161.956062,-26.509667
Julie Mendoza,53,628 Douglas Plains,Lake Melissachester,Vermont,23187,-39.338598,84.242186
Jaclyn Dunn,53,7209 Richardson Stravenue Suite 322,South Amberberg,Iowa,65260,76.839254,17.7603415
Kendra Hensley,22,620 Rivera Throughway,Aaronside,Iowa,97581,63.581571,-70.6105165
Kathleen Davis,26,5538 Lindsey Views,New Alicia,Pennsylvania,66500,27.920518,43.6304825
Matthew Wagner,75,029 Lisa Estate Apt. 176,Cherylhaven,Indiana,54030,-65.589768,44.188595
Scott Phillips,25,0385 Lisa Causeway Apt. 176,Bakertown,South Carolina,00668,83.274596,-3.728379
Arthur Mcbride,52,85532 Quinn Common,South David,Montana,83657,111.006644,-31.5289665
Andrew Dudley,21,6692 Jenkins Plaza Suite 073,East Brandon,Hawaii,20573,-67.273432,3.0478535
Vanessa Reese,78,089 Strickland Dale Suite 394,Murphymouth,Montana,09560,132.927303,-45.3501915
Taylor Allen,40,31069 Jacobson Run,New John,Indiana,21086,-109.975855,-16.419453
Laura Jimenez,64,4991 Ashley Crossroad,New Sandra,Alabama,74125,44.814737,-3.8488435
Angela Johnson,33,9660 Rogers Mission Apt. 005,Caldwellfort,Connecticut,03066,114.087899,-22.493816
David Carpenter,21,61075 John Ranch Suite 258,New Jordanfort,Indiana,80632,104.497986,-64.9250285
Dr. David Miller,20,94890 Chan Valley,Johnsonhaven,West Virginia,53438,-177.979995,-67.719843
Jerry Clark,49,8492 David Point,Schultzchester,Virginia,54238,109.115870,45.975628
Melissa Mccoy,46,967 Steven Orchard,Michaelland,Oregon,27918,-169.244247,0.7959885
Keith Thomas,28,76116 James Estate,Schneiderhaven,Missouri,99395,-73.698361,36.1589995
Melissa Williams,37,2537 Scott Wall,Allisonchester,Nebraska,37466,75.924778,5.7804315
Michael Duffy,66,32780 Antonio Mount,Reneetown,Tennessee,36087,-172.049923,-21.634301
George Robinson,48,173 Burns Fords,Johnville,New York,45696,-27.010882,86.341765
Lori Morgan,54,258 Murray Plain Apt. 403,Port Davidstad,Mississippi,79079,2.819801,5.3368725
Christina Garcia,40,316 Smith Drives Suite 186,East Williamland,Rhode Island,85014,-48.060412,-42.5793015
Jennifer Rodriguez,75,674 Bryan Walks,Lake Eduardo,Idaho,15711,172.645509,-8.4268765
Susan Baker,69,03130 Nunez Squares Apt. 444,Grantshire,Maryland,41013,-148.022735,-58.839130
Jeffrey Cruz,75,74909 Tina Ports Suite 817,North Matthew,Massachusetts,47671,0.217468,24.542432
Curtis Graves,38,2204 Katherine Parkway,West Melissa,Connecticut,47715,65.638566,75.5235605
Kathy Keller,18,9574 Tony Isle,Gregoryville,Missouri,59455,135.606648,89.5511765
Kara Reed,78,665 Baldwin Pines,South Sheilaview,Missouri,73011,149.312247,9.6338655
Chelsea Henry,72,82703 Rebecca Plain,New Ann,Maryland,56241,-59.451670,36.5700585
Briana Williams,72,43582 Joseph Locks,Salastown,New Hampshire,94899,155.172435,-36.3841965
Daniel Campbell,22,30992 Margaret Tunnel,South Amber,New York,54724,49.775364,87.636047
Margaret Webster,52,423 Jones Curve,Mirandaburgh,Utah,42345,-26.857599,-40.6961145
Amber Scott,40,500 Albert Brook Suite 505,New Michaelhaven,Hawaii,46556,-36.407186,-13.9212195
Steve Johnson,67,407 Lewis Estates Suite 042,North Ellenside,Montana,10217,135.127932,11.9686035
Crystal Simmons,71,552 Kelly Plaza,Bonnieville,North Dakota,20967,54.535555,-2.608988
Leslie Holland,55,83284 John Green,West Angelbury,Oklahoma,19595,-179.419272,-25.134301
Mark Taylor,80,2878 Greene Club Apt. 487,North Brandonton,Michigan,23054,86.203811,46.423030
Allen Mclean,70,1843 Wilson Coves Suite 608,Antoniobury,Maryland,21840,148.535356,23.2668275
Tiffany Marshall,39,502 David Walks Apt. 890,Mitchellburgh,Virginia,95693,6.237411,-4.854515
Ashley Perry,49,1769 Jean Key,West Victoriabury,Delaware,70881,-157.254063,-81.6004735
Matthew Rogers,38,36577 Timothy Islands,Robersonview,Maryland,53348,-120.002152,71.971441
Molly Brown,63,91017 Brian Lock,New Courtneyburgh,Michigan,28395,-61.791590,84.016633
Dr. John Hudson,39,6807 Nathaniel Street Apt. 100,Melissaport,Vermont,42230,-22.157505,84.804576
Kristen Martin,26,50024 Gordon Village,Guzmanmouth,Montana,59533,3.505240,-18.6258255
Daniel Martin,40,405 Warren Drives Suite 911,South Michael,Kentucky,14683,-140.409451,-35.8269535
Kelly Matthews,44,57315 Padilla Branch,New Josephside,Washington,48577,59.603112,-78.297954
Amy White,60,652 Richmond Via Apt. 722,Kristenhaven,Massachusetts,86635,37.618403,-75.483008
Scott Johns,28,08566 Barbara Street Apt. 152,South Scottville,Oklahoma,03936,131.517863,-89.170043
Lindsey Farrell,70,9173 Bradley Parkway,Gutierrezhaven,Vermont,64948,147.830002,72.5475345
Sherry Erickson,33,68093 Wong Squares,Nicholasview,Arkansas,56993,13.303600,-43.094478
Mark Robinson,77,38452 Tran Summit Suite 760,Cortezfort,Maryland,64011,151.860793,-43.712670
Jeanne Mitchell,66,455 Deborah Meadows Apt. 596,Morganshire,Vermont,28107,-164.941887,17.1577575
Heather Lane,68,04629 Ivan Brook,Carrstad,Utah,86743,-18.071358,36.3584375
Miss Heather Graves,78,142 King Stravenue Suite 884,Randyport,Kansas,09118,106.533322,83.037107
Edward Cruz,40,634 Medina Bridge Apt. 795,New Dylan,Nebraska,11537,60.101894,-20.6864175
Laura Conway,64,7885 Sawyer Light,New Stacyhaven,Arkansas,62369,143.230069,28.105051
Jesus Maldonado,58,52222 Whitaker Key,Hernandezchester,Nebraska,58223,61.194146,-66.117921
Charles Zimmerman,80,280 Solomon Way,Lake Victoria,Utah,62319,111.248251,53.491179
Steven Jimenez,28,61910 Teresa Glens Suite 767,Brianville,Washington,52003,97.840852,-34.450509
Michael Gonzalez,78,4511 Thomas Trail Suite 776,Stevenmouth,Nevada,56950,-138.110004,-47.6125245
Alejandra Lopez,45,29350 James Ramp Suite 026,West Ericshire,Alabama,18677,151.584664,-49.537590
Robert Edwards,19,89092 Brady Creek Apt. 600,Santosburgh,Wisconsin,84356,-152.290378,-18.696540
Jamie Foley,66,581 Leslie Route,West Andrea,North Dakota,03881,16.126659,10.6117995
Patricia Smith,50,71149 Garcia Lock Suite 457,East Gary,Alabama,87380,129.496576,44.619899
Joseph Henderson,79,20928 Beck Burgs Suite 122,Nelsonville,Michigan,48481,121.189675,0.0133465
Bethany Jackson,20,7249 Diaz Heights Suite 108,New Joseph,Virginia,87166,-73.932938,80.3533095
Joseph Moore,24,22479 Allen Well Apt. 479,East Jay,Connecticut,29270,-109.431634,-71.3949055
Lauren Villa,20,8483 Jacob Underpass Apt. 298,Alexanderberg,Colorado,57385,125.188330,73.285229
Madison Rogers,72,688 Singh Corners,East Virginia,Kansas,36053,107.483357,1.879693
Brenda Howard,40,62678 Ryan Inlet,Elliotttown,Washington,17534,-22.589704,-43.320593
James Taylor,44,341 Patel Stream,Bishopfurt,Utah,87609,-15.293914,-36.039880
Alexis Middleton,56,8617 Gordon Keys,Masonberg,New Jersey,50942,134.110208,16.469374
Kevin Rodriguez,52,58644 Andrea Port Suite 601,Keithberg,Connecticut,65000,-135.539807,6.728418
Timothy Spencer,53,7338 Bruce Harbors,West Kellyland,Iowa,15066,87.985366,-59.113617
Sherri Jones,55,27628 Grant Ranch,North Steventown,Nebraska,64113,27.360583,-0.4512795
Isabella Petty,23,62640 Carlson Ranch Suite 890,Lake Kennethmouth,Oregon,82952,-116.278917,-20.592570
Martin Zuniga,63,648 Ramirez Shoal,Port Bryan,North Carolina,27101,-79.975802,79.897938
Jeremy Taylor,61,320 Walls Corner,North Davidland,Connecticut,25734,-170.478266,41.092269
Peter Blanchard,45,99573 Preston Plaza Apt. 931,South Brandonchester,Delaware,03573,-13.490628,-85.853614
Dakota Smith,78,245 Joseph Valleys,Mitchellside,Ohio,40958,5.752645,8.718230
Brandon Green,46,341 Christian Mountains Suite 556,Nelsonborough,Nebraska,08488,-2.849859,45.253720
Kevin Pena,30,49647 Michelle Street,West Amy,Minnesota,10293,102.708959,15.672310
April Torres,58,26732 Aaron Courts,Andrealand,Arkansas,20469,-27.024795,-86.310893
Michael Reeves,76,4769 Sara Ridges Apt. 431,Maxwellberg,Utah,24977,-170.311003,-21.8996535
Dale Jackson,64,77740 Henry Mission Apt. 305,North Charleshaven,New Mexico,78987,-136.520752,-48.1708515
Michelle Sandoval,63,106 Brandi Glen,North William,Iowa,12321,-127.846554,-11.5528955
James Jimenez,64,781 Burton Overpass Apt. 695,Port Melissafort,Iowa,47532,16.360712,-25.0126465
Lori Gregory,72,20745 Gamble Islands,West Stephenbury,Nebraska,05601,31.224152,-72.0272925
Rebecca Moran,33,34008 Michele Via,West Sharonton,New Hampshire,96280,-92.785546,28.5384385
Emily Wolfe,74,5104 Nicole Keys Apt. 949,Carolynfort,Washington,57634,106.437590,42.0960435
Daniel Figueroa,50,3259 Shawn Flat Apt. 691,East Ashley,Alabama,93453,72.760240,67.624322
Jared Rogers,71,07356 Meyers Street Suite 233,Rogerland,New Hampshire,43158,-13.018928,-41.540194
Timothy Yang,72,830 Michael Neck Apt. 089,Morganfort,Montana,42951,176.519418,43.6217665
Jerry Greene,49,3644 Mary Crest Suite 253,Lake Gwendolyn,West Virginia,58974,-11.683032,23.103632
Cynthia Allen,70,56560 Murray Mall Apt. 229,Jamesbury,Virginia,27083,-46.099855,40.5776995
Kara Blackburn,75,304 Burnett Freeway Apt. 583,North Lisa,Vermont,95317,-150.695413,47.2525155
Joseph Stout,72,07013 Simmons Gateway,North Trevorview,North Carolina,92724,86.207099,-58.9074125
Mrs. Karen Green,53,58082 Kelly Villages,West Scott,Nebraska,68784,30.826472,-80.6507645
Eric Hughes,25,3988 Aguilar Mall,Nicholaston,West Virginia,45327,8.799466,54.6887165
Alexandria Dillon,56,74269 Jones Cliffs,South Jerry,New York,47512,91.378977,-36.483479
Tiffany Morgan,56,15818 Timothy Extension Apt. 360,Staffordborough,Pennsylvania,34418,-9.027152,69.492301
Joseph Jones,80,85053 Rodriguez Mountain,Rodriguezhaven,Illinois,30118,-93.558549,77.8467855
Donna Hunter,72,7492 Sharon Roads,Port Michelle,Kansas,07081,16.973052,-42.1114165
Dr. Elizabeth Young,60,4086 Jamie Forest,New Lisafort,Massachusetts,79032,128.724775,24.058917
Samuel Graves,37,2136 Hunter Neck Suite 509,Perryside,Connecticut,58505,95.004224,67.041742
Denise Zimmerman,60,735 Craig Meadows,South Joseph,Georgia,98802,101.960957,-30.7237755
Patrick Moore,58,34841 Anthony Drive,Colleenland,Oklahoma,57048,175.561245,2.2062585
Scott Gomez,74,13922 Glover Spurs Apt. 409,Coleberg,Iowa,72350,91.731265,38.098794
Michael Higgins,71,23573 John Manor Apt. 034,Jenniferton,Wisconsin,42184,175.450053,-75.7992085
Meagan Griffith,61,661 Williams Ways Suite 576,Solisside,Hawaii,08528,121.626128,-63.2379135
Jennifer Flores DDS,36,958 Stephen Extension Apt. 643,Hoganfurt,Georgia,42643,114.314691,-5.311348
Ellen Willis,38,780 Mckenzie Coves,South Melissashire,North Carolina,49912,-69.999660,-26.121059
Elizabeth Bautista,59,755 Gibson Forges Apt. 214,Port Rebeccafurt,Minnesota,83009,165.007520,2.4893945
Steve Nielsen,68,959 Ballard Vista,North Timothychester,Texas,39333,-29.444312,77.771300
Lindsey Martinez,47,98608 Stephanie Spur Apt. 893,South Jacqueline,Nebraska,47212,-98.661693,82.9881615
Charles Reid,39,14898 Luis Field Apt. 850,North Lindsay,Ohio,17661,23.625370,-13.3063125
Robert Hanson,58,3561 Erin Shores,Wiseside,Arkansas,36156,-126.334427,-38.1224835
Brian Smith,41,87171 Lindsey Dam,South James,Idaho,30717,35.136318,30.2145805
Amy Acosta DVM,24,1650 Love Valleys Suite 522,North Connie,Connecticut,90780,167.825057,69.6476505
David Fleming,67,215 Stephen Park,New Donport,Ohio,48208,-152.581632,17.4178055
Jeffrey Hebert,50,8466 Brian Roads,New Morganfort,Delaware,24596,-80.967021,-14.866107
Michael Mercado,40,4182 Martin Lakes,South David,Nebraska,49424,-122.730939,84.258592
Stanley Crawford,37,8850 Sanchez Mews Apt. 967,North Tony,New York,32486,77.234445,67.5812145
Mark Snyder,79,512 Beck Way,Lake Sara,North Carolina,52682,143.747290,-61.776921
Margaret Serrano,18,81241 Stephen Canyon,West Joshualand,Texas,23122,175.589169,-1.3239745
James Andrews,41,21093 Amanda Spur,North Saraberg,Montana,23098,115.037245,-88.961148
Elizabeth Wheeler,74,3218 Blankenship Roads,Edwardburgh,Maine,08677,-95.480769,-62.8155125
Crystal Morales,55,6934 Ferguson Corner Suite 522,South Codyburgh,Hawaii,90862,-141.310459,5.809434
Hector Colon,72,5407 Barton Expressway,Joannaside,West Virginia,61458,27.214690,67.3162285
Amber Kane,41,44607 Yates Ridges Apt. 479,Weberfort,Iowa,14458,33.988525,72.399419
Elizabeth Rogers,46,68770 Linda Rapid,Lopezburgh,Tennessee,39797,109.598918,76.329211
Anthony Green,45,102 Nicole Crescent Apt. 415,Richardsonton,Pennsylvania,71852,-148.431490,-13.4258715
Jason Campbell,44,93962 Tamara Spring,Duncanhaven,Kansas,00711,-65.346391,-79.0211815
Kelli Leonard,63,9706 William Neck Apt. 338,Williammouth,Oregon,56496,-19.840143,-60.811721
Kenneth Lee,56,2310 Kimberly Club,Port Brian,West Virginia,68654,-40.437178,85.3445415
Karen Fuller,72,2328 Sellers Roads,Michaelville,Georgia,43720,170.825681,48.767563
Elizabeth Martinez,21,334 Branch Lodge,Sarahmouth,Utah,90777,-55.178000,53.3889955
Joanne Fowler,67,6265 Kyle Crescent,New Ashleyland,Alabama,64292,129.849849,-77.2852885
Susan Williams,33,341 Lee Tunnel Apt. 846,Simonville,Florida,62474,10.013529,-67.472393
Ricardo Mills,43,1480 Fisher Crossroad Apt. 395,North Stevenburgh,Arkansas,63680,-28.726442,-80.5943155
James Trujillo,62,5157 Johnson Branch Apt. 688,New Cameronland,Pennsylvania,33075,-46.086406,-44.306394
Amy Butler,18,100 Williams Mills Suite 739,New Danielleshire,North Carolina,50855,-148.091812,-34.9997725
Kristin Baker,46,277 Bianca Neck Suite 541,New Albert,Florida,97539,138.529072,-29.326296
Ms. Kerry Ruiz,19,55060 Copeland Park,New Williamberg,Vermont,83133,54.868067,-47.941234
Lori Sexton,77,48094 Beverly Brooks Suite 199,North Robert,Arkansas,66241,79.307576,-76.7445135
Walter Hopkins,66,21679 Cox Courts,Yatesburgh,Kentucky,62227,-16.869076,-24.924757
Cory Smith,23,2609 Jones Hill,Willieburgh,California,93410,-9.257397,-29.438048
Elizabeth Weaver,38,31052 Cortez Lock,Port Michealmouth,Michigan,16845,89.313457,48.726914
Kelly Davis,30,553 Patricia Extension,Martinezshire,Wyoming,87293,-173.347956,45.890305
John Harvey,29,506 Olson Roads,Port Tiffanytown,New Mexico,75864,-74.808782,-53.634305
Abigail Francis,35,451 Martinez Plains,East Vanessaside,Massachusetts,70062,-91.706063,12.1293865
Stuart Benjamin,45,063 Victoria Park Apt. 221,Simpsonstad,Maryland,46363,112.980557,31.313477
Christopher Robinson,49,014 Darlene Mall Suite 989,Aguilarmouth,Michigan,41433,157.601945,-64.451539
Kimberly Clark,67,48104 Erika Isle,Suzannefurt,Minnesota,32000,48.049788,40.8991555
Jenna Stewart,20,82051 Petty Ports Suite 693,Jonathanton,North Carolina,04447,-169.923735,-50.080531
Nicole Holder,33,174 Reynolds Loaf,New Stephanieview,Oklahoma,54533,110.440165,0.021379
Mrs. Elizabeth Wallace MD,64,549 Castillo Wells Suite 911,South Morganmouth,California,90081,-67.508322,19.8635455
Brandon Berry,72,53907 Alex Pike,Port Carrieport,Alaska,69997,-83.385382,82.114629
Mrs. Heather Hernandez,77,26292 Larry Lake,New Lorraine,Tennessee,59236,133.920447,60.9144625
Scott Arnold,29,467 Singh River Apt. 175,Flynnland,New Jersey,38328,-104.524903,-27.7149815
James Pineda,44,40105 Lopez Square,North Markland,Pennsylvania,93721,-126.651098,57.460246
Andrew Henderson,65,314 Williams Via Apt. 977,Christophermouth,North Carolina,80368,-133.902313,-85.155450
Daniel Curtis,22,407 Michael Field Apt. 079,Reynoldsside,New Hampshire,23636,-69.593547,-82.839965
Carol Stuart,34,4228 Adrian Crest Apt. 034,Port Clinton,Hawaii,23066,92.130267,-40.4031655
Daniel Warren,26,57903 Anna Corner Suite 345,Lake Brendan,South Dakota,64046,18.666594,2.0416655
Christopher Gray,74,7869 Valdez Parkways,Lake Ashleychester,Louisiana,77781,82.930506,33.277279
Jermaine Moreno,77,4425 Lori Squares,Lake Pamela,Maryland,16196,-164.335647,63.1127985
George Rodriguez,32,808 Carter Street,Lake James,Georgia,59222,-55.056239,3.413219
Seth King,79,76407 Dawson Keys Suite 030,West Curtisview,Mississippi,37181,-78.899869,30.015816
Margaret White,30,068 Medina Drive,Lake Brittany,New York,96620,79.451088,31.311277
Raymond Jones,75,7650 Smith Inlet,Haleybury,Tennessee,07427,77.050410,-59.6693235
Daniel Landry,63,9561 Blankenship Key Apt. 336,West Susan,Montana,61187,103.200922,-72.188788
Tiffany Rivera,76,1296 Joseph Field Suite 124,North Kathryn,Utah,02560,-146.848744,-75.9513805
Jared Wang,54,87884 Best Mountain,Wellston,Alaska,35052,87.478528,80.5387325
Jamie Lee,66,1936 Mata Green,Cooperside,Kansas,98164,-15.050031,-34.7177985
William Garcia,73,697 Johnson Burg,Garciaport,Vermont,50339,117.088275,57.3859695
Richard Pierce,52,76872 Susan Greens,South Crystal,New Jersey,44963,23.296583,17.932034
Jennifer Peterson,21,1152 Mcbride Forge,New Carrieborough,Virginia,43275,-88.949783,14.899327
Kimberly Castro,73,65068 Brandon Locks Suite 688,Angelachester,Oklahoma,88194,-88.465648,16.763984
Jeremy Williams,29,26223 Gardner View,Tiffanystad,New Mexico,48595,155.544396,45.335492
David Smith,22,91595 Valdez Key,Lake Stephanie,South Dakota,51706,0.658417,-34.2976955
Allen Miller,68,801 Matthew Forest,West Manuel,Montana,55086,-116.504212,-23.882895
Stephanie Watson,51,824 Stevens Lock,Robertstad,Kansas,45505,120.666484,-15.6277745
Jennifer Smith,34,53895 Casey Ferry,Floreshaven,Kentucky,31400,-130.458129,28.6372495
Daniel Thomas,73,313 Ashley Radial Apt. 032,West Roberto,Vermont,51453,76.407806,53.0465705
Jeffrey Vaughan,46,757 Wesley Ramp,Lake Taylor,North Dakota,84138,9.673195,-85.468441
Sabrina Sanford,55,916 Brooke Mews,North Jennifer,Ohio,66972,-13.154819,-24.0954685
Matthew Johnson,26,15568 Thomas Shoals Suite 884,Lisaburgh,Nebraska,25658,38.304531,-80.4656955
Dale Johnson,64,89072 Brooke Meadow Apt. 295,Wheelerborough,New Mexico,26274,-88.340864,42.9851945
Peter Pena,52,249 Chavez Isle,North Benjamin,Nebraska,84478,128.822162,40.582338
Julie Rivas,31,66274 Heidi Heights,West Mark,North Dakota,83730,-56.593799,-75.3702715
Dennis Gonzalez,53,5367 Roger Court Apt. 410,Port Kevin,Maryland,52261,95.653132,-28.2392745
Elizabeth Alvarado,35,9535 Pearson Alley Apt. 272,Victoriafurt,Illinois,42269,-153.531336,-25.144288
Leslie Wiley,75,488 Morris Throughway,Ortegaberg,West Virginia,37357,-20.342851,-74.500443
Jean Marquez,58,536 Wilson Springs Apt. 540,South Michaelshire,Utah,29500,104.339497,4.184020
George Perez,48,07973 Johnson Groves Suite 870,Kington,Kansas,12971,-116.371663,-25.8012095
Norman Collins,44,227 Williams Motorway Apt. 673,Adamsville,New Mexico,66695,-38.273374,-60.1477515
Derrick Rogers,70,06744 Ronald Mall,Crossport,Missouri,20723,-8.875178,15.5420745
John Caldwell,33,77167 John Summit Suite 972,Lake Darren,Oklahoma,54575,-178.175790,-59.9530505
Joseph Ramirez,67,78221 Taylor Falls,New Ian,South Dakota,96585,-69.340875,-5.0472475
Allison Brown,50,395 Adams Club,North Gary,Arkansas,54550,-136.709712,16.7515365
Courtney Sawyer,57,77119 Rebecca Port,Brownberg,Illinois,93546,61.163389,60.659437
Cameron Martinez,80,53985 Peck Inlet Apt. 771,Matthewborough,West Virginia,46386,50.931665,26.655950
Laura Davis,40,49398 Wagner Knoll,Ianstad,Colorado,35191,8.732938,15.5757695
Joseph Oliver,20,93471 Jose Meadows Apt. 961,Duranburgh,Montana,97222,-6.592041,60.300486
Harold Howell,75,57186 Jensen Dale,West Debramouth,Kentucky,13255,82.944997,-86.0207215
David Simmons,25,5581 Hernandez Plains Apt. 457,West Amanda,Wyoming,13840,-15.090591,-86.291815
Tim Figueroa,57,65579 Sara Neck Suite 234,New Brent,Texas,33757,-78.937046,22.0852695
David Nichols,75,438 Kristin Squares Suite 481,Allisonbury,South Dakota,34537,-154.783646,-29.7046115
Joseph Rodriguez,31,163 Nathan Radial,Aaronfort,Idaho,83723,-79.716571,7.079537
Robert Walters,71,651 Castro Route,Port Michael,Nebraska,12247,-84.608576,56.768834
Joseph Green,61,6605 Sherri Forks Apt. 278,East Tonyaport,Alaska,45200,58.704583,-72.7902835
Wendy Smith,25,42414 Hobbs Spurs,North Robert,Florida,02874,12.358740,-18.695241
Kathleen Gonzalez,25,3882 Fleming Common Suite 075,Port Michelle,Montana,19255,-68.086731,-80.210413
Curtis Williams,51,45728 Heather Mission,New Julie,Arkansas,81165,41.658995,-45.071866
Ryan Sanchez,77,843 Adams Avenue Suite 680,Lisashire,California,81202,68.647333,-25.029914
Terry Taylor,76,40012 Alexis Gardens,Williamberg,South Dakota,09357,-30.724362,88.788770
Kurt Taylor,24,984 Catherine Islands Suite 573,Cindyfurt,Nebraska,41578,-136.446667,-88.529202
Christopher Gonzalez,77,302 Mullins Stravenue Suite 820,New Michelle,Maryland,08191,153.844561,-54.156174
Howard Carter,30,879 George Tunnel,Tranville,Tennessee,90541,-14.780783,-34.1659105
Kathryn Walker,48,92947 Oliver Extension,Port Chloeburgh,Colorado,26699,-44.892303,24.8547655
Zachary Gibbs,50,2134 Fox Views,New Mark,New Mexico,46653,102.668353,-49.4871755
Jason Frye,39,575 Sierra Ford,Vegaville,Washington,03655,-79.400758,-62.079008
Zachary Owens,67,2389 Elizabeth Causeway Apt. 701,West Valerie,Maine,86202,-2.466556,38.763381
David Jones,21,952 Heather Trafficway,West Bonnieland,Indiana,69982,-70.042127,22.3507235
Kimberly Gay,55,141 Tracey Ranch,South Elizabethchester,Wisconsin,51175,3.970501,24.506842
Joseph Wilson,65,8513 Timothy Well,Karenborough,Colorado,62228,136.415441,-2.4876305
David Harrington,58,61550 Dawn Expressway,Elizabethbury,Maine,22845,171.856752,1.9553135
Jodi Davis,44,826 Anderson Circle,South Jessica,Virginia,65973,-12.317923,-39.718279
Aaron Tate,43,810 Best Mews Suite 600,Gilesberg,Hawaii,40109,-3.287536,-21.350251
Robert Thomas,50,18640 Taylor Trace Apt. 306,Jerryport,New York,99548,72.720392,-16.416929
David Solomon,56,702 Benjamin Unions,New Anthony,Louisiana,13915,84.650481,-42.494743
Robert Smith,18,5802 Kelsey Locks,Victoriamouth,Kansas,10386,-174.003850,45.5604585
Samantha Whitney,70,738 Jessica Station Suite 722,New Margaret,Wisconsin,45933,63.043796,-42.7759405
Leah Ramirez,76,2708 Jeremy Mews Apt. 156,Coxborough,New Mexico,80447,-27.549692,-61.251748
Jason Robinson,38,0214 Gordon Parkway Suite 692,New Melissa,Georgia,89184,-60.724130,20.5837595
Brian Collins,60,205 Barrett Drive,Andradeport,Rhode Island,47305,-82.344209,67.391176
Heather Warner,41,8471 John Forges,South Kimberly,Wisconsin,16717,-178.081838,10.915177
James Clements,32,246 Juarez Mews Apt. 181,South Paula,Massachusetts,27937,-64.615998,-36.1279745
Thomas Smith,71,51454 Chandler Drive,North Caitlinhaven,Vermont,63291,107.160097,-69.323329
Gregory Johnson,60,00580 Rich Port Apt. 811,Lake Sarah,Tennessee,00892,-177.528528,-25.3199745
Roberta Webb,38,74774 Roman Springs Apt. 324,North Sarahberg,Indiana,26152,69.001494,87.490527
Mr. Juan Ortega,52,14812 Stephens Estates Apt. 946,Rodriguezton,Michigan,13984,-45.400018,-22.2123765
Johnathan Russell,31,0736 Peter Causeway,Belindafort,Minnesota,44779,-71.527788,13.2670765
Lisa Cantrell,23,365 Lisa Fords Apt. 254,New Linda,California,68342,67.765657,-74.8401925
Michael Reyes,43,070 Karl Prairie Apt. 416,Robertland,Delaware,75091,-67.750544,-85.2119345
Trevor Sanders,40,961 Joe Terrace,North Janet,Tennessee,74415,-149.817701,52.8878105
Jeffery Stein,78,3659 Smith Via Apt. 533,Port Nathan,Iowa,27467,33.693176,62.721690
William Pierce,43,54047 Douglas Avenue Apt. 913,West Kimberly,North Carolina,50138,-115.523966,-9.322495
Valerie Graham,46,28394 Megan Way Suite 362,Laneside,Nebraska,46331,64.596349,79.295556
Sophia Washington,61,76183 Kelli Mountain Suite 859,North Jonathan,Massachusetts,12318,128.751422,86.7547065
Aaron Wilson,32,9643 Vasquez Groves,Johnsonton,Louisiana,57566,-170.570295,50.0064185
Carl Grant,73,85265 Thompson Knolls,New Carolyn,Missouri,77869,-40.677226,-15.3811315
Eric Williams,70,8056 Tina Springs,North Aprilchester,Iowa,33047,37.056644,1.9714785
Alexis Yoder,76,72547 Chelsea Islands,New Brianland,Vermont,77676,-47.052345,4.791218
Dr. Gary Strickland Jr.,25,50663 Griffin Walks Apt. 547,Rodriguezland,New Mexico,72896,-14.113617,-2.228118
Tyrone Reed,31,479 Sparks Road,Jesusview,Indiana,16157,150.113535,68.485698
Veronica Schwartz,55,9362 Robinson Fork,Nataliestad,Texas,28234,-34.257172,83.959118
Elizabeth Harris,72,4342 Newton Centers,Jasonshire,Montana,11041,46.886725,86.6989895
James Green,62,572 Martin Rue,West Melissahaven,Vermont,70966,-173.003180,-6.8512565
Jessica Johnson,27,61979 Thomas Junction Suite 671,Port Dean,South Carolina,95168,-5.895113,-32.096317
Lisa Lutz,76,47548 Clements Shoals,Smithburgh,Massachusetts,35279,-11.532629,75.914225
Jason Wilson,59,0736 Christopher Green,Daviston,Arizona,36503,-68.345024,-44.529765
Christopher Morris,48,71948 Ray Junction,West Johnnychester,Montana,48945,65.053949,-68.8464325
Kristin Haney,48,491 Jason Via,New Linda,Utah,88630,130.092503,12.5986435
Christopher Wilson MD,51,251 David Mountain,North Michelleton,Alabama,85964,136.613232,33.034509
Juan Cardenas,31,16696 Karen Locks Suite 741,Gomezmouth,Michigan,55541,-68.714387,-4.811433
Andrew Malone,70,98571 Jenny Trafficway Suite 530,New Michele,Iowa,46916,5.072656,-31.3212675
Melissa Gaines,78,4833 Crystal Islands Apt. 377,Stewartside,Alabama,08988,25.512226,1.905689
Caroline Vega,51,1929 Smith Key,West Lisa,Wyoming,32573,3.265359,-46.1171985
Nathan Mccoy,66,8818 Tommy Knoll Apt. 124,West Joshuabury,Nebraska,99943,19.898253,-19.2232085
Jonathan Petty,51,2106 Kyle Avenue,Oliviaburgh,Kansas,85722,-79.672076,18.3223715
Heidi Yoder,56,1750 Jessica Valley Apt. 252,Loganhaven,Alabama,80050,161.025904,-87.8570125
Dylan Wright,35,54328 Evans Square Suite 626,New Williamtown,Tennessee,73485,104.099530,-59.3312675
Jesse Drake,40,045 Matthew Wells,North Annaside,Hawaii,19435,114.206079,-8.024572
Todd Morris,74,76112 Dean Camp Suite 613,Dunnbury,Connecticut,86256,-24.630672,-50.015057
Stephen Johnson,50,60186 Smith Land,Davisshire,Illinois,74749,74.611854,-13.881163
Linda Holder,47,6400 Joshua Crescent,Brewerview,Alabama,74622,-57.405882,84.412444
Jonathan Diaz,58,5579 Carl Hollow,South Michael,Washington,15444,-126.151975,13.824870
Sarah Figueroa,41,3709 Yolanda Route,Johnside,Rhode Island,07269,41.752615,66.796232
Stephen Rush,70,51422 Wolfe Cape Apt. 750,Clarkborough,Idaho,19220,9.714634,89.842530
Jeffrey Rojas,27,5614 Bonilla Loaf,South Michael,Maryland,85687,95.540399,68.833464
Wanda Singleton,48,01723 Cruz Village,Michelleborough,Colorado,38149,14.583118,32.924773
Theresa Valentine,76,1279 Elizabeth Wall Apt. 185,Lindseyburgh,Massachusetts,69544,142.110237,-84.156956
Patrick Duncan,53,7756 Miranda Radial,Coxfort,Maryland,58377,-136.461027,24.085895
James Solomon,69,46231 Russell Rapids,Samanthaberg,Iowa,87742,-67.282033,26.0332715
Katelyn King,28,864 Ashley Keys Suite 008,Arroyoburgh,Maryland,13478,-56.867995,27.3233115
Robert Rich,21,6365 Butler Park Apt. 983,North Marcus,South Dakota,32553,96.778219,-69.4790695
Rachel Lane,29,05500 Wolfe Inlet Suite 952,Shelleyville,Ohio,12534,-168.684573,-20.5860185
Samantha Chase,62,2677 Jack Courts Apt. 174,Grantville,North Dakota,32733,57.284474,-1.250304
Brian Cain,71,9319 Michelle Rue,South Edward,Indiana,05136,41.632208,53.3038925
Jill Scott,51,02092 Spencer Shores Apt. 757,Anthonyhaven,Arkansas,20290,-67.688580,63.4655395
Amanda Ball,37,22818 Francisco Crossroad Suite 310,Lopezton,Ohio,45692,-48.112853,1.7751095
Thomas Duran,67,56549 Williams Bridge Apt. 586,South William,Iowa,75053,84.019221,-54.8967705
Jonathan Parrish,45,4151 Evans Brooks Apt. 298,Juliemouth,Nebraska,84074,173.250953,3.635248
Dr. Charles Myers DDS,28,0111 Joe Isle Suite 406,North Victor,Michigan,35678,-126.105352,55.014399
Gloria Dixon,32,80845 Pearson Squares,Ronaldburgh,New Jersey,37822,-62.740124,-24.784209
Christopher Gomez,29,1043 Jose Forges Suite 690,Fletcherfurt,Ohio,21907,62.891289,1.796763
Kathleen Lee,46,305 Mann Crescent,Geraldfurt,New Jersey,20009,-14.281931,-51.4038945
Christopher Palmer,47,99219 Paul Spurs Suite 764,Reynoldsfort,Oklahoma,69890,-48.595920,27.8958295
Michael Cole,66,190 Matthew Vista,South Wendyton,Maine,96383,-109.521211,23.3290305
Stephanie Erickson,47,22517 Renee Lodge Apt. 900,Larryton,New Mexico,57215,-112.560278,43.8212545
Matthew Smith,40,77011 James Stravenue,Erikastad,Louisiana,79224,-78.805972,40.651031
Christopher Jones,73,963 Evans Court Suite 769,Timothyfort,Delaware,74516,-49.089218,-81.295186
Joshua Davis,22,3345 Hayes Isle,Lake Ronaldfort,South Carolina,44838,93.714890,15.395460
Jo Baker,46,62416 Robert Lodge Suite 143,North Andreastad,Utah,38084,122.275836,13.1035965
Melissa Harvey,34,7683 Chen Glens Apt. 872,Port Justin,Illinois,26537,-90.089946,-21.8176505
Julie Lozano,77,970 Patrick Plaza,South Jamesborough,Vermont,51552,8.902725,13.6363215
Joshua Smith,23,514 Duffy Islands,New Elizabethtown,North Carolina,82970,-144.309064,-26.1434635
Sue Hall,72,892 Davis Centers,Bartonchester,Louisiana,12442,-168.150610,2.5084715
Ryan Gomez,75,31990 Taylor Forges Suite 897,South John,Pennsylvania,29074,161.456498,17.9179935
Victoria Jackson,37,46897 Kimberly Mountains,Lake Kelly,New Mexico,97561,-147.954648,-82.426296
Jesse Wallace,51,542 Michael Estate Suite 313,Lake Derek,Kansas,68717,45.900681,52.1912325
Sherry Avery,44,32566 Debbie Fall Apt. 104,Craighaven,Texas,87140,-125.939279,73.3617655
Jennifer Johnson,24,4235 Mckinney Fork,Lake Marilyn,Vermont,07896,-116.666465,35.666859
Steven Campos,57,53696 Crosby Lodge Suite 811,Ramosland,Oregon,11781,95.396061,-16.1583705
Kimberly Gutierrez,41,3288 Amanda Parkways,Cristianbury,Texas,79970,94.692653,84.964862
Kenneth Brooks,31,78646 Vanessa Prairie,North Jessicaside,Mississippi,39490,174.944141,84.6436735
Christine Mitchell,75,240 Ashley Corner,North Carla,Kentucky,17570,-22.038098,-9.6789745
Ernest Barton,38,090 Scott Extension Apt. 697,South Ashley,Tennessee,43704,144.139445,-46.2674015
Sean Oliver,74,345 Austin Field Suite 933,Lake Jorgeburgh,Alaska,81997,-44.758413,-31.4194655
Elizabeth Meyer,24,511 Troy Cape,North Wandaville,Mississippi,25302,-164.508937,-19.054179
Robert Martin,45,2894 Elizabeth Throughway,Anthonyfort,Georgia,74578,-47.704333,84.798393
Daniel Jordan,62,0104 Clark Village,South Amandaside,Massachusetts,33854,-49.657429,6.8349515
Mary Carter,33,541 Lisa Lock Suite 068,Danielleborough,Wyoming,14011,126.507478,15.882172
Jesse Fitzgerald,21,6011 Mejia Mews,West Meganview,Kansas,79522,25.154642,16.006838
Vicki Ward,54,340 Wilson Green,Timothyside,Massachusetts,39649,32.852267,-38.164375
Alexander Ramirez,73,2885 Cooper Ports Apt. 243,North Victoria,Delaware,72290,77.463569,16.410946
Timothy Lee,58,1054 Pollard Falls Suite 120,Smithfort,Delaware,81438,-56.419202,49.4057375
Gerald Brown,35,7634 Kevin Flat Suite 232,West Carlos,Kansas,21036,-63.353684,-67.8914025
Brian Cooper,62,089 Dudley Causeway,Jacksonville,Utah,25987,163.429875,-20.3938085
Brandon Martin,37,810 Velasquez Rest,Alejandrafort,Hawaii,66221,145.597699,26.1933125
Kimberly Guerra,79,3754 Rodgers Vista,Port Jeffreybury,Hawaii,03956,175.087437,-48.9957525
Crystal Poole,52,6364 Watson Valley,Flemingstad,Oregon,56468,-133.387428,24.489064
Kristin Mclaughlin,31,8600 Alejandra Prairie Apt. 428,North Elainebury,Pennsylvania,17269,-13.335635,-68.7054665
Suzanne Thompson,57,048 Cook Cove,North Jacqueline,North Dakota,93941,-91.849521,-32.907870
George Weber,80,281 Harris Flats,Brownfort,Idaho,79682,-152.780889,-24.669665
Kimberly Welch,79,3173 Blake Bridge,Shellyburgh,Texas,06657,-43.333684,-85.684228
Albert Shaw,71,60301 Kimberly Keys,Virginiastad,Hawaii,44618,-49.194545,26.6125975
Caitlin Young,55,7740 Riley Brook,Freemanfurt,Colorado,90985,-156.771850,50.552562
John Medina,75,93616 Kimberly Bridge,Guerrerofort,West Virginia,22681,92.848782,1.8015125
Brandy Copeland,26,2374 Joel Rest,West Joel,Illinois,16548,102.614682,-32.317046
Dustin Lee,50,15504 April Trail,Lake Lisa,Oklahoma,90597,86.788323,71.521605
Ryan Harris,23,349 Adam Ridges Apt. 361,East Shanefort,Kentucky,33174,-82.000822,39.144946
Jennifer Mahoney,41,781 Hill Villages Apt. 210,Elizabethside,Vermont,50681,165.196453,29.0226645
Donna Mccarthy,21,2669 Mendoza Turnpike,Braychester,Florida,92513,-5.811919,-15.7539755
Gregory Sanchez,27,3651 Brittney Plains,North Johnhaven,Alaska,88380,12.766154,73.701289
Jeanette Ramirez,53,98110 Sanchez Avenue Apt. 891,South Shannonmouth,Nevada,53701,-105.261782,-32.412827
Harry Ochoa,36,85020 Nicole Mill Apt. 355,Saraport,Kansas,71905,-139.465911,-54.4115125
Haley Taylor,59,45364 Wilson Neck Suite 871,Mccallshire,New Jersey,72046,150.376189,21.769602
Jeremy Garcia,42,4353 Smith Wells Apt. 546,Lake Michaelchester,Texas,33197,-34.376444,44.5307015
Jesse Fox,26,49290 Thomas Oval,Johnshire,Virginia,18926,58.222555,-34.6615115
Erica Moody,21,90018 Frank Inlet,North William,Minnesota,87218,102.989161,-71.6361585
Paula King,70,90910 Brittany Harbors,East Laurachester,South Dakota,31609,103.394780,58.642828
Jacqueline Tanner PhD,44,089 Michael Gardens Suite 775,Holtport,New Mexico,17380,-122.033192,36.472929
Sheila Clark,21,52032 Powell Coves,Smithbury,Virginia,57759,-82.326926,72.795213
Audrey Moore,36,6015 Diaz Light Suite 727,South Hollyport,Virginia,50629,169.502194,59.1312175
Ann Mccormick,27,98644 Kevin Overpass,Jordanmouth,Minnesota,31754,2.643655,-6.8030655
Robert Myers,21,84820 Maria Burgs Apt. 095,East Davidborough,Colorado,64971,120.008829,-35.2786495
Leslie Williams,69,876 Steven Meadow,Georgeburgh,South Dakota,95206,126.716584,32.4908025
Sandra Mcdonald,44,537 Keller Motorway Apt. 828,Briggstown,Illinois,23110,-67.999746,-3.407141
David Parker,65,41019 Teresa Springs Apt. 147,Blakemouth,Delaware,46190,-176.543443,-61.732215
James Farmer,76,8708 Mercado Ford,Goldenhaven,Michigan,53596,165.302812,5.639092
Kelly Carr,25,886 Cassandra Road,Port Laurenborough,Kansas,49317,41.958179,71.950180
Michael Alexander,61,39405 Keith Walk Apt. 414,Sheilachester,Washington,44199,124.392852,-79.372054
Brian Parker,66,08772 Poole Unions Apt. 744,West Michaelmouth,Washington,64918,-128.963127,-57.3181355
Jacqueline Knapp,55,24317 Esparza Fall,Wrightland,Arizona,05526,72.561690,-89.806296
Heather Anderson,62,05444 Jones Neck Apt. 158,Soniamouth,Maine,44249,-84.317659,37.721447
Willie Price,73,5764 Sandoval Street,East Susanshire,Washington,58838,20.514942,56.8439435
Amber Smith,34,83058 Holt Viaduct Apt. 031,Cynthiafurt,South Carolina,72404,-88.060067,-53.820965
Alexander Ramos,31,7105 Collins Wells Suite 724,New Sandra,Delaware,67354,-120.327125,-12.5333705
Michael Edwards,63,77041 Thomas Circles,Laurieport,Arkansas,34809,141.612752,87.827152
Joel Wells,80,00698 Barnes Drive Apt. 831,West Donaldfort,Virginia,01509,179.984831,86.013425
Craig Hicks,43,766 Rich Mountain Suite 938,New Monicaborough,Michigan,15077,35.227697,22.649669
James Brown,65,941 Reed Wells Apt. 971,Jeromechester,North Carolina,95344,-114.104172,4.147365
Joel Young,42,22724 Robert Lock,South Jennifer,Iowa,47414,150.087212,81.150654
Zachary Allison,32,53208 Rebecca Valleys,Stephanieland,Pennsylvania,84410,97.617798,24.4754625
Johnny Lewis,27,0130 Flores Ridges Apt. 993,East Conniemouth,South Dakota,40143,-71.803151,-51.641401
Robert Norton,32,56102 David Place,Port Teresa,Maryland,95912,-16.404506,27.846329
Maria Steele,80,09396 Tyler Greens Suite 001,Newtonbury,New York,60033,51.500154,23.3323065
Mrs. Lauren Powers MD,49,3982 Perry Via Apt. 313,Port Lauren,Mississippi,63197,-75.366480,-25.185639
Jessica Beltran,58,95953 Mitchell Viaduct,North Christopher,Mississippi,78177,-125.571784,75.918929
Rebecca Green,24,417 Davis Port,Port Nicolemouth,Alabama,55962,121.446622,62.077734
Robert Orozco,36,6422 Yu Lock Suite 388,East Stevenfort,Montana,54469,71.437248,15.567884
Russell Jones,38,63123 Baker Orchard,Juliabury,Wyoming,59459,175.412441,80.9740055
Yolanda Morales,30,7683 Jordan Extension,Navarromouth,Rhode Island,26084,-122.048577,-36.474074
William Mcdonald,60,821 Farrell Tunnel Suite 674,New Zachary,South Dakota,56053,-56.199092,64.457155
Susan Terry,70,3392 Benjamin Field,Bethfort,North Carolina,53723,26.969187,-35.595940
Patricia Peterson,49,845 Guerra Brooks Apt. 301,Odombury,Wyoming,17252,163.212572,65.821768
Paula Hawkins,61,1602 Garner Pass,Fryestad,Alabama,06174,133.411007,36.388846
Hailey Woods,65,3473 Jodi Stravenue,Port Julieside,Iowa,25781,73.329598,80.662919
Rebekah Richards,59,79749 Steven Glens,Port Robert,Georgia,68876,94.088561,-56.190833
Kim Morales,78,91368 Victor Coves,Lake Jennychester,Washington,78288,30.720981,4.331734
Terri Barton,58,195 Darryl Freeway Apt. 888,North David,Illinois,33084,10.705758,-18.6664055
Patricia Hull,27,32909 Heather Inlet,Karenport,Colorado,94541,-72.653844,78.623503
Susan Hall,64,88569 Jeff Pine,Port Caitlin,Georgia,62593,-62.051069,-24.7883975
Paul Lowery,25,68454 Santos Dam,Shawnport,Wisconsin,24615,78.827676,39.4871095
Daniel Tran,52,406 Tracy Pike Suite 158,Port Valeriemouth,Louisiana,88326,65.687097,-2.0178175
Kenneth Holt,23,864 Daniel Stream Apt. 679,Laurashire,Utah,58076,161.720798,73.836906
Amanda Burgess,25,25018 Stevens Walk,Dixonbury,Florida,95290,-112.773153,6.158706
Jeremy Tucker,62,2981 Sally View,Benjaminside,Wyoming,26058,61.688851,-28.025864
Sheryl Douglas,24,5934 Schultz Ferry Apt. 024,Weaverstad,Tennessee,44170,-11.952217,-83.7327815
Jessica Flores,40,7189 Jackson Mall Apt. 571,Fullerberg,Texas,50527,-165.667774,51.043839
Brian Glover,24,238 Fisher Ferry Suite 593,Lake Shawnbury,South Dakota,37249,19.490963,-75.3198285
Catherine Gutierrez,30,35796 Gonzalez Plain Suite 534,West Kathy,Texas,48639,-159.562191,-80.4465145
Austin Campbell,72,39718 Robert Motorway Suite 264,Torresview,Colorado,80066,158.159983,69.2457635
Joshua Smith,34,087 Paul Bypass,Christianstad,New Jersey,90721,-106.175564,4.043474
Jordan Coleman,56,949 Smith Junctions,North Mindyport,Delaware,50056,161.687131,27.0409655
Robert Simmons,45,709 Ryan Meadows,Jonathanfurt,Mississippi,49954,-8.862349,26.164160
Jonathan Bush,20,232 James Roads Apt. 436,Port Susanfort,Pennsylvania,21452,-156.893953,17.3218135
Michael Dixon,26,220 Scott Harbor Apt. 089,North Brianbury,New Hampshire,27850,-79.215608,-26.647066
Jonathan Perez,24,274 Patricia Common Suite 648,Saundersview,Colorado,61170,71.886429,-6.6924125
Marco Contreras,78,38100 King Rest Suite 417,Zoeland,West Virginia,47271,-155.903134,13.2259375
Amber Brown,38,375 Brock Summit Apt. 113,Mcgeefort,Minnesota,78404,18.388377,13.482426
Dwayne Carney,58,3138 Patricia Ramp Suite 654,Benjaminton,Missouri,65458,-53.417248,37.5821735
Christina Wilson,46,46327 Robinson Fords,Allenland,Alabama,69767,-8.233086,-2.176811
Sandra Rosario,46,18457 Bradley Hollow,Kristaville,New Mexico,85928,-32.827621,10.5918365
Patty Jones,43,603 Medina Glen Suite 857,West David,Louisiana,12994,-13.563519,-19.4128055
Patrick Snyder,65,2213 Sandra Extension Suite 588,Dianehaven,Minnesota,18132,13.702718,-32.0390595
Jason Stewart,71,6073 Buck Rue,Leahmouth,Utah,68735,118.522978,-85.956711
Jordan Alvarado,24,00910 Jennifer Knoll Suite 431,Lake Joshuachester,New Jersey,05262,-141.626737,-49.698616
William Smith,39,2752 Sullivan Light Suite 880,Lake Janetfort,Louisiana,33217,82.846139,73.687209
Sara Torres,72,1628 Bentley Ville Apt. 188,New John,Hawaii,83008,145.250941,53.6766245
Stephanie Williams,66,81574 Pamela Loaf,East Mariofort,Alabama,66103,64.187218,-87.682314
Jonathan Mcdowell,44,97857 Parks Parks Apt. 276,Kellitown,Utah,69094,153.674146,-13.212566
Brandon Marshall,67,78723 Brenda Ridge Apt. 114,East Samanthamouth,Indiana,67148,112.205463,34.4083655
Michael Goodwin,74,4676 Martha Gateway,Devonport,Maryland,60965,-170.531865,77.6813945
Angela Terry,66,063 Weber Knolls Apt. 373,Irwinstad,Maine,53613,-37.216329,56.461227
James Thompson,23,4317 Kim Estates,Robertfurt,Oregon,13511,76.203246,-56.4246835
Kim Roy,64,123 Theresa Key,Lake Patrickland,Michigan,12520,-15.402938,-74.7699345
Elizabeth Holloway DDS,42,5748 Barbara Trail Suite 371,Nicholsmouth,Illinois,54032,-97.204867,2.1406065
Annette Jones,46,15085 Joanne Keys Suite 508,Port Jennifer,Wisconsin,37532,-150.754167,-48.8571265
Cassandra Barber,60,684 Gray Route Apt. 905,East Jessicaburgh,New Jersey,21547,-35.906827,-3.5697885
Rodney Hicks,72,343 Joy Centers Suite 744,Sheenaborough,West Virginia,27357,167.440354,-8.228587
Gabriel Adams,63,857 Brandon Rest Apt. 491,Jonathantown,Virginia,11726,-107.550742,82.796389
Gregory Gonzales,60,2587 Taylor Trail Apt. 133,Shawnborough,Oklahoma,83432,-143.311000,39.1056705
Colleen Miller,52,3927 Barbara Expressway Suite 761,Tracyhaven,Rhode Island,33862,153.209609,58.1616805
Jaime Harris,46,9624 Anthony Radial Apt. 389,Brittanybury,Idaho,25099,-137.503448,-73.429356
Christopher Miller,77,06865 Chad Plaza Suite 861,Smithberg,Virginia,60184,141.671472,49.9897385
Jeffrey Zamora,23,46937 Michael Trail,Danielchester,Alaska,86693,-72.291332,34.1315995
Stephanie Gilbert,32,905 Irwin Flat,West Alexis,Hawaii,01751,-169.408756,-11.146779
Martin Bryant,21,9883 David Station,New Ashleybury,Idaho,53849,-78.939119,-27.475359
Teresa Blanchard,80,695 Anthony Forge Suite 968,Jamesberg,New Hampshire,96832,-133.814125,-73.5121945
Amanda Buck,46,5622 Smith Rapid,East Terrance,Michigan,36380,151.400897,54.7577895
Amy Cameron,66,95175 Fields Corner,Jacquelineborough,Maryland,81850,-66.826913,17.8488115
Brad Davis,57,3430 Wright Trafficway Suite 514,Smithfort,North Dakota,04470,5.776931,-54.357517
Erin Thomas,45,467 John Ports Apt. 998,Lake Markberg,Florida,10656,107.034295,-6.5224595
Patricia Pham,18,653 Stevens Road Apt. 903,East Morgan,Florida,64258,-163.521582,60.792647
Matthew Gray,21,021 Wang Lane Apt. 126,Perezberg,Iowa,14153,156.942040,-87.7641145
David Stewart,38,702 Hobbs Cliffs Suite 758,Phillipberg,Montana,46131,-142.947098,-6.204640
Brian Kane,68,3969 Douglas Key Apt. 956,North Markburgh,Texas,80779,44.351934,-81.5736795
Ricky Sharp,75,289 Kelly Landing,Grantfort,Montana,84376,-85.403004,87.7998865
Melissa Rasmussen,42,262 Kevin Island,Charlesland,South Carolina,91350,-45.480750,-65.539149
Maureen Rivas,44,9830 Michael Groves Apt. 589,New Markside,Pennsylvania,47545,-79.512372,82.156446
Savannah Gardner,73,71618 Alicia Stream Suite 522,East Michelle,Indiana,71720,-132.969047,-67.1467645
Amanda Dudley,70,9005 Nixon Cliff Suite 372,West Jessicaside,Alabama,12626,110.374784,-12.1211955
Abigail Campbell,31,34127 Lane View Suite 465,South Angela,Tennessee,09484,-175.313751,25.1277555
Colin Foster,44,233 Sarah Hill Apt. 684,West Nathanfort,Maine,64466,100.583977,18.338494
Desiree Erickson,52,716 Stevens Harbors,Greenton,Kansas,67058,156.707531,61.4439655
Sherri Harrington,21,5430 David Burg Apt. 839,Port Victoria,Kansas,57281,80.617732,-12.702924
Ricky Wallace,62,4500 Curtis Inlet,North Omarberg,Alaska,20448,-104.464136,-48.466714
Erica Holmes,67,8727 Michael Burg Apt. 317,Port Annette,Colorado,52869,-6.053114,-19.467385
Linda Wilson,22,9103 Matthew Curve Apt. 583,New Ryan,Oklahoma,54767,35.432131,82.0633615
Matthew Dawson,65,9286 Blair Crescent,Ruizside,Maine,16790,-119.687211,59.2282685
Beth Osborne,45,0624 Kyle Views Suite 838,West Jenniferstad,Georgia,83802,167.467097,-15.262366
Douglas Levy,70,932 Charles Keys,Coreyland,Virginia,86970,31.563681,-22.0039145
Cory Cunningham,37,6062 Lawrence Unions,New Jorgebury,Virginia,65707,-176.208136,3.675183
Mary Miller,37,574 Natasha Dam,Martinezport,Washington,40460,-61.385536,85.348640
Susan Robbins,55,3509 Rivera Lane Suite 252,Joshuaport,South Carolina,50889,-69.772095,-60.4345585
Lisa Roberts,38,63980 Mcdonald Harbor,Nelsonton,Alabama,05310,39.760561,-34.8209015
Heather Romero,56,208 Sosa Place,South Johnberg,Vermont,50572,-91.393157,40.420861
Dawn Ayers,51,9923 Michael Skyway,South Edwinfurt,Colorado,07701,101.776461,-9.8806765
Jason Phillips,64,618 Erika View,West Jesusside,Delaware,69099,81.540458,-31.513182
Brian Gomez,24,6977 Aaron Fields,Briannahaven,Hawaii,40959,25.762216,79.0530745
Elizabeth Harrison,38,493 William Square Suite 499,Harrisport,South Carolina,75031,-46.286120,49.926209
Natalie Wilkins,53,1722 Charles Viaduct,Mendozaport,Arkansas,89494,-44.791636,-89.912720
Ashley Johnson,69,9800 Wells Pines Suite 984,West Andrea,New Jersey,90301,-136.400547,28.5009365
Craig Phillips,28,315 Davis Haven,Jeffreyland,Arkansas,12839,-3.710924,-2.5495895
Mary Palmer,74,9953 Olsen Port,West Tiffany,Louisiana,37934,-78.513593,-81.733766
Claire Terrell,33,5663 Murphy Creek,Port Wanda,Texas,05866,147.487586,71.2690735
Bradley Burke,52,432 Santiago Street,Lake Victoria,Connecticut,28385,87.147200,-29.237269
Ryan Baker,64,20300 Coleman Lodge Suite 853,North Matthew,Alabama,34649,-103.251270,-8.224601
Sarah Chapman,53,287 Charles Flat Apt. 599,West Nancy,Wisconsin,54944,-67.929652,-29.1269645
John Martinez,48,938 Gomez Parkway,Alanfurt,West Virginia,12781,139.753230,-1.8005525
Michael Watkins,74,123 Sullivan Port Suite 599,Olsonmouth,Oklahoma,95515,-67.018525,-22.780598
Amanda Espinoza,66,0225 Snyder Meadow,Timothychester,Utah,16135,-0.762069,-73.1066885
James Watson,18,351 Kristi Streets,Lake Cheryl,Michigan,39736,-179.179718,-40.1817865
Carlos Carter,57,332 Samuel Extensions,Thompsonborough,Montana,51688,3.655414,66.049000
Harry Jefferson,51,25411 Whitney Lights,Johnchester,Rhode Island,39042,-39.651694,8.406050
Michael Morgan,33,81636 Jocelyn Key,Georgehaven,Virginia,10067,124.715312,32.388024
Mark Townsend,31,6373 Woods Run,Douglastown,Indiana,52570,155.682643,61.042268
Felicia Johnson,52,43526 Gallagher Field,Larryfurt,Oregon,85811,82.624243,-26.4260605
Michael Hull,43,69597 Harvey Overpass,North Christophertown,New York,93473,151.520623,87.1390315
Nicole Jenkins,21,7118 King Lane Apt. 043,Jenniferhaven,Montana,38548,-173.918353,14.522321
Ryan Hill,60,069 Powers Dam,Jonesmouth,Nebraska,35161,25.278811,75.1084365
William Fletcher,43,7673 Sampson Roads Suite 217,North Eric,Arizona,30090,142.881071,68.5715345
Austin Mitchell,49,019 Adam Path Apt. 854,Piercechester,New Mexico,89508,74.192275,-81.5069035
Paul Thompson,39,8814 Michael Vista Apt. 173,Sarahchester,South Carolina,81667,72.288963,68.041605
Sharon Hanna,61,1984 Jerry Stream,Paulberg,Texas,60195,-25.876215,3.7377775
Tracy Winters,32,3967 Tate Stream,Lamshire,Louisiana,62577,-150.447078,57.263038
James Foster,57,55246 Lisa Harbors,Wrightland,Utah,55937,-166.504263,-13.4865775
Eric Mann,46,161 Michael Estates Suite 688,North David,Minnesota,79490,176.163395,-72.7656945
Angela Mcguire,73,5774 Lauren Isle,East Christine,Nebraska,35380,-147.894340,-46.7772835
Christopher Williams,56,366 Karen Stravenue Apt. 238,North Kimberlyhaven,Wyoming,68936,-29.875649,-42.4155425
Anna Ramirez,36,723 Patricia Trafficway Apt. 654,Burnsside,North Carolina,13440,4.601869,-65.953639
John Obrien,47,844 Kim Causeway,Amberfort,Arizona,32308,105.749712,-5.688405
Julia Schmitt DVM,51,55537 Christopher Avenue Apt. 354,West Wendy,Washington,64320,-11.678269,11.9890385
Kimberly Smith,41,0826 Maddox Courts,South Kimberlybury,Florida,20694,-151.508970,-39.8687035
Justin Taylor,42,27005 Austin Roads Apt. 119,North Wendy,South Carolina,19691,-39.990206,-80.095535
Robert Stevenson,32,81485 Marcus Fields,Port Heather,South Dakota,11330,-96.627067,22.5392015
Amanda Mitchell,35,001 Benjamin Fields Apt. 937,North Janice,Pennsylvania,11952,-58.868631,38.2137245
Richard Owens,62,455 Jill Point,South Anna,Oklahoma,51711,82.797024,-7.712510
Stephanie Mosley,74,114 Susan Fields,New Tammy,Tennessee,95420,46.330066,-88.240594
Beth Robertson,35,099 Kathleen Divide Suite 431,Lake Amychester,Colorado,51695,-53.155479,14.902739
Steve Mercado,47,79411 Adrian Shoals Suite 368,West Juan,West Virginia,20842,-23.391686,9.3630225
David Church,20,517 Garcia Rapid Apt. 211,Lake Gordon,Maine,33817,38.454782,54.6856675
Janet Williams,57,120 Morton Isle,Wisebury,Missouri,79407,141.218856,69.5977555
Steven Stone,38,1883 Jennifer Ports Suite 882,East Emily,Wyoming,39079,-35.327467,-30.9529875
Dillon Thompson,37,00620 Michelle Pike Suite 843,Bryantton,Alabama,18668,77.281641,59.6606315
Joshua Bates,28,621 John Trail,Bonnieland,Pennsylvania,50138,-177.619087,75.3645745
John Key,38,78825 Terry Ridges,Lake Nathan,Minnesota,89843,-15.218134,60.664917
Alan Young,22,02237 Manuel Extensions Apt. 994,New Spencerview,Michigan,26449,-56.332531,83.3128795
Darren Herrera,38,507 Miranda Valleys,Lake Keithchester,Kentucky,04892,-4.994729,59.590764
Robert Lucas,32,1775 Daniel Row Suite 783,Banksfurt,Delaware,40289,73.717571,81.9039955
Mary Harris,30,1202 Jessica Underpass Apt. 598,Salinaschester,North Dakota,50294,-144.833563,-75.7257655
Teresa Davis,74,76731 Hunt Gateway Suite 643,Buchananfort,Missouri,57212,93.285926,36.204095
Jill Sanchez,59,71020 Anderson Squares Suite 211,Lewisview,Connecticut,13567,-84.250383,72.091252
Michael Moreno,74,35308 Derrick Stream,Ryanton,Wisconsin,95308,105.195972,45.145718
Samantha Barrett,18,797 Tyler Spring,East Kathleen,Oklahoma,91961,-86.087634,-37.7501995
Carlos Flores,31,2698 Owens Brooks,Jamieside,New York,67095,43.434412,-46.430520
Jonathan Navarro,61,721 Pena Coves Apt. 784,Benderburgh,Utah,65218,173.362207,-63.1673765
Andrew Fuller,29,57189 Spears Canyon Apt. 252,Lauraton,Hawaii,65251,108.551563,-81.310130
Jennifer Stephens,21,05288 Clark Brooks Suite 980,East Troy,Connecticut,81783,4.231204,-54.4123375
James Johnson,28,04183 Harrison Road,Larryport,Pennsylvania,47767,-141.566403,57.0670155
Amy Rogers,69,684 Dyer Village Suite 072,North Davidmouth,Montana,87218,-84.655271,-27.5480095
Jason Wilcox DDS,56,76196 Ann Bridge Suite 717,Port Tammy,Connecticut,67571,46.887643,87.432581
Adam Allen,40,65784 Robert Plaza,Coleshire,New York,61293,161.245362,-50.560690
Dustin Solomon,29,6250 Adams Roads Apt. 324,South Shelly,Texas,36409,9.683434,65.0809945
Elizabeth Lopez,21,40381 Charles Plains Suite 949,East Elizabeth,Nebraska,05241,-72.206165,81.3262755
Michael Yang,74,0336 Cruz Squares Apt. 055,Brucefurt,Indiana,34956,-15.585867,-12.843372
Sean Davis,49,8114 Green Club,New Jeffreymouth,Arkansas,03475,52.393417,7.2966995
David Phillips,66,11518 Haas Forge,New Haleymouth,Kentucky,77824,37.820460,46.260400
Ryan Anthony,45,404 Webb Ville,Davidsonport,Maryland,18846,-153.265618,-18.094232
Stephen Benjamin,71,87479 Fitzpatrick Stream Apt. 144,Nathanielberg,Indiana,69414,-145.236360,68.3795505
George Barnes,73,59971 May Ridges,South Kelly,Arkansas,33698,-139.460330,31.608437
Courtney Gates,29,4217 Mcdonald Route Suite 413,New Rachel,Wisconsin,96684,71.937778,-5.2937285
Robert Rodgers,39,77711 Curry Creek,Loriborough,Oklahoma,69576,-177.782368,6.158680
Diane Chapman,18,387 Hernandez Mall Apt. 116,New Karen,Montana,93048,64.628047,-69.614507
Evelyn Trujillo,57,9441 Deborah Track,Robertstad,Rhode Island,31749,0.298819,85.547391
Jeffrey Mack,68,7370 Clifford Forge,North Royburgh,Hawaii,87039,133.247617,-24.172599
Renee Ramos,56,16312 Dana Tunnel Suite 104,Phamfort,Alabama,32130,-10.955479,-27.1878605
Aimee Frost,59,1732 Rebecca Extensions,Toniburgh,Washington,00856,-87.223941,-38.0186905
Cathy Duran,33,775 Richard Common,Latashamouth,Maine,55822,92.505411,3.5481325
Joshua Burton III,39,61227 Michael Grove Suite 124,Jesusborough,South Dakota,38259,58.200355,-42.3380245
Tina Hardy,60,474 Carrillo Shoals Apt. 096,Collinsstad,Louisiana,76473,113.979062,46.141024
Marissa Smith,66,699 Crystal Mountains,Brianland,Mississippi,08941,2.847141,-73.693924
Erica Dunn,60,070 Friedman Gateway,South Dylanchester,Indiana,13132,29.928040,-58.7225505
Kathleen Spears,52,0298 Mills Radial,Nashhaven,Kansas,33162,-20.688666,-83.112811
Kenneth Johnson,40,2428 Alicia Well Suite 587,New Adam,Texas,31489,44.093231,-36.9151315
Donna Lee,24,77614 Mary Curve Suite 607,Meganburgh,Oklahoma,02598,-31.477792,5.4425725
Jennifer Ford,25,6920 William Field Apt. 999,Bridgeschester,Ohio,91507,88.286838,57.6967965
Lisa Brown,52,203 Beverly Unions Suite 966,Friedmanview,California,29347,141.776162,-38.3245505
Dana Lawrence,53,733 Chaney Orchard Suite 093,North Kristy,Mississippi,17789,34.022852,-86.8269145
Kayla Cruz,80,38667 Becker Lodge,New Jacobhaven,Florida,60428,-42.400107,61.129098
Christopher Cannon,44,00954 Patrick Coves,Cynthiaborough,Minnesota,07611,103.369370,-1.6152015
Taylor Daniel,34,13859 Stephanie Passage,East Richard,Florida,14159,134.982902,62.193484
Mary Espinoza,75,582 Allen Forest Apt. 299,West Anneberg,Arkansas,11455,-117.901948,12.7942725
Timothy Watts,48,754 Norris Summit,South Jefferyfurt,West Virginia,16459,82.187833,22.864841
Marcus Williams,62,1183 White Freeway,Wallacefort,Wisconsin,04582,-18.314540,0.1607625
Cheryl Smith,57,9247 Toni Skyway,Powellfurt,Pennsylvania,54262,95.768350,-42.074540
Kim Adams,62,3413 Alexandra Roads Suite 626,Parktown,Vermont,62676,173.138685,22.130527
Rhonda Savage,30,6124 Knight Squares,Port Holly,Connecticut,23932,-75.251793,-19.3915015
Lisa Alexander,66,810 Butler Ford Suite 586,Cohenland,Oklahoma,91189,-116.237723,21.187431
Patricia Chapman,49,077 Allison Branch Apt. 316,East Christopherview,West Virginia,33256,-57.070413,44.3227995
Sean Chen,69,485 Jones Turnpike Apt. 701,Port Anthonybury,Vermont,06637,-89.616023,-87.643647
Kurt Williams,64,4847 Castro Circles Suite 018,Valeriestad,Rhode Island,89014,-101.430995,-67.570691
Jason Sullivan,80,68919 Fields Ports,Lisaborough,Florida,29411,61.180955,40.2316075
Emily Wood,51,768 Lynch Isle Suite 488,Lake Racheltown,Vermont,42035,77.982022,-51.3002755
Cameron Johnson,41,420 Moore Ridges,Williamchester,New York,21730,-3.195365,-43.215112
Jason Yang,80,9090 King Mill,Williamsmouth,South Carolina,06468,138.251793,13.355901
Jeremy Serrano,70,2495 Robert Locks Apt. 485,Amyton,Wisconsin,65730,34.843633,-53.909772
Dr. James Ward PhD,80,0116 Christy Fords Apt. 438,Lake Lindsey,West Virginia,41275,-21.395831,-51.3734735
Heather Green,74,0287 Dixon Pine Apt. 317,North Johnmouth,New Hampshire,61102,24.870596,-75.932309
Natalie Hernandez,68,91188 Lynn Points Apt. 753,Millerport,Maine,94073,-5.194396,47.0733585
Alejandro Schroeder,48,03423 Jones Freeway Suite 346,Rickview,California,31669,-151.463517,39.1453415
Danielle Shaw,68,598 Mary Circle Suite 351,Michelleside,Utah,01977,-167.212008,-39.023022
Dennis Baker,18,10134 Smith Extension,Hunterborough,Georgia,87350,93.529478,-14.480786
Margaret Christian,54,382 Kathleen Stravenue,Danielland,New Hampshire,56300,-32.051825,-88.780604
Maxwell Stephens,29,85685 Powell Track Apt. 940,East Jonathanberg,Georgia,30454,-28.296830,15.813147
Nicole Peterson,68,4088 Carla Brooks Suite 680,Armstrongbury,Hawaii,18634,-31.066610,-41.251175
Elizabeth Harper,28,7354 Joseph Street,Santosside,Massachusetts,91260,-134.821580,-52.696004
Norman Smith,65,47797 Brian Spring Suite 205,Bakerborough,Oklahoma,90748,77.896188,-30.686970
Robert Kelley,76,5386 Gonzalez Ramp Apt. 680,Port Albert,Idaho,14780,132.085952,-76.796014
Scott Montes,48,24142 Robinson Landing,East Vincent,Pennsylvania,48629,-175.767249,28.4656685
Amy Torres,32,9204 Julie Ford,Christyfort,Hawaii,03004,-95.435822,-44.094526
Maria Morrison,50,467 Cook Springs,North Brandonborough,Hawaii,54540,112.912341,-50.7651865
Tonya Martinez,61,3974 Henson Ports,Lambertside,New Jersey,44643,67.125487,-52.293528
Andrew Hart,39,57125 Jennifer Lodge,Moorechester,Oklahoma,14154,110.651473,9.9553225
Elizabeth Young,43,902 William Land,Ballardfort,New Jersey,96043,-11.806245,-82.8474565
Mitchell Bush,72,995 Tracy Island,Port Jonathan,Louisiana,57949,-21.852405,6.4551265
Mitchell Allen,59,1176 Rachel Common,New Brendastad,New Jersey,91776,144.807168,62.358668
Cheryl Cunningham,20,3706 Pearson Mills,East Thomasbury,Wisconsin,82492,-28.730203,-18.6141195
Kenneth Barnes,57,007 Casey Plaza,East Lindsay,Minnesota,56990,110.102266,-36.0132195
Todd Ramirez,38,80574 Reynolds Stream,North Maria,Maryland,93908,109.823884,-45.705927
Joel Palmer,50,2316 Savage Islands Suite 526,Kristenport,Oregon,77404,-30.341968,6.134789
Heidi Carney,77,1769 Farmer Islands Apt. 597,Karenport,Maryland,93621,87.399114,-36.303332
Hector Montoya,76,87032 Adams Pines,Murphyhaven,Montana,64063,164.964184,-33.586923
Kyle Solis MD,24,5338 Ralph Meadows Suite 541,East John,Wisconsin,76759,103.938123,84.907150
Mark Vasquez,65,2986 Powell Lakes Apt. 937,West Gregoryview,Arizona,08879,160.678228,-29.129189
Brittany Henderson,49,39177 Ballard Hills,Velazquezchester,Kansas,31612,24.615488,-62.499263
Katherine Johnson,62,646 Lindsay Pass Apt. 306,Morrisland,Nevada,58120,100.704715,-73.734845
Allison Alvarez,53,34231 Elizabeth Greens Apt. 239,Jessicashire,Georgia,95785,-1.323141,60.297808
Daniel Paul,34,8567 Crystal Corners,Darrentown,Arkansas,56063,-113.306902,-69.2769315
Andre Nelson,37,6952 Andrea Landing,New Alejandraport,Idaho,94133,85.971190,-16.5889505
Barbara Rodriguez,57,905 Lopez Ramp Suite 725,New Cassandrahaven,Louisiana,89787,10.133227,38.6433065
Karen Medina,42,20936 Randy Alley,Washingtonview,New Hampshire,57661,-172.934709,-67.208805
Elizabeth Coffey,66,244 James Ports Suite 130,South David,Washington,24006,103.654509,-3.378588
Christina Franklin,43,638 Bennett Fords Apt. 070,East Ericashire,Tennessee,08105,-61.928381,-64.749593
Christopher Green,48,4914 Silva View Apt. 358,South John,Wisconsin,91101,149.525969,46.693424
Brittany Spears,41,33976 Perkins Greens Apt. 352,Floresshire,Nebraska,30397,130.200070,-7.763148
Christine Guerrero,19,555 Hernandez Crest,North Christophermouth,New Mexico,72564,-8.953304,11.302588
Tina Harris,66,388 Pam Greens Apt. 263,Brianmouth,Delaware,07646,-62.427377,-49.7596925
Marvin Phillips,77,11992 Jason Hill Suite 219,Brucetown,Missouri,54258,-12.922134,21.887290
Sarah Davis,77,064 Megan Stream Suite 121,New Renee,California,80094,80.723254,50.9571415
Michael Hoffman,68,67157 James Circle,Port Kimberly,Hawaii,57537,-3.780909,63.536959
Christine Singleton,19,33559 Johnson Isle Apt. 102,Stevenport,West Virginia,75804,-137.158015,80.897360
Russell Gutierrez,20,7553 Robinson Island,South Ashleytown,Connecticut,37707,-99.179677,14.6995345
Adrian Bell,56,8511 Melissa Meadow Suite 629,Vancefurt,Delaware,80833,-135.858108,-6.1329425
Kristen Kirk,65,5558 Aaron Mill Apt. 246,Rebekahchester,North Carolina,21731,-94.892479,59.0404875
Zachary Oliver,56,2778 Jones Walks,West Kellychester,Louisiana,54035,153.838335,63.3973635
Ryan James,51,844 Price Port,North Nicole,Oregon,10823,-15.523749,-62.1201565
Michelle Adams,31,01443 Jessica Stravenue Suite 326,Lake Amandamouth,Hawaii,86407,-69.323055,72.037794
Michael Baker,62,216 Douglas Summit Suite 759,Smithshire,New York,01089,-91.991559,80.8656845
Roberto Parsons,36,09808 Townsend Forges Apt. 893,Lisamouth,Rhode Island,70535,77.298962,74.441890
Victoria Thompson,47,7108 Douglas Crossing,Dianafurt,Tennessee,96142,2.265733,25.9642885
Kelly Perez,36,55465 Andrea Circle,Fergusonborough,North Carolina,21480,85.358327,70.093781
Laura Alexander,46,888 Harris Fort,Taylorport,Arkansas,66307,-7.021301,-13.908240
Teresa Rodriguez,34,3312 Murray Club,Garciashire,Virginia,43732,-29.018330,-68.9626665
Steve Chen,39,400 Vargas Way Apt. 573,Sandersville,Nebraska,47815,34.457495,51.7674465
Jacob Levine,23,900 Jason Tunnel,Angelicaside,Idaho,05241,-13.729175,-67.031414
David Lopez,73,8361 Miranda Glens Apt. 181,Jamesshire,Illinois,77734,104.546981,-37.4355355
Laura Adams,55,256 Sutton Spring,Brendatown,Mississippi,60683,91.304457,-66.6832495
Kevin Phillips,51,7273 Donald Cove Apt. 160,West Jessica,Ohio,57955,-51.583570,-17.6419945
James Sanchez,38,197 Perry Views,Carlsonfurt,Tennessee,32078,-22.122529,-41.1879435
Bethany Norris,39,527 Darren Keys,New Brandon,Ohio,48247,38.094608,-34.2277895
Curtis Drake,26,2284 Gonzales Estate Apt. 108,Fryland,Arizona,25378,26.187823,-53.485060
Tara Nelson,79,85602 Kristin Terrace Suite 140,East Shannonland,Maryland,09222,78.696363,10.142863
Jesse Pollard,37,670 Carlson Springs,Jeffreyport,Minnesota,70234,11.233064,87.7302045
Paul Brooks,69,24394 Laura Mountain Apt. 451,Leahmouth,South Dakota,10566,171.761597,72.677333
Miguel Ingram,58,3129 Gray Light Suite 263,East Morganmouth,California,21760,21.517659,-45.0812475
Mr. Anthony Bates,56,8786 Heather Via,Stewartfurt,Connecticut,84217,-16.789701,2.4629085
Samantha Walter,34,44294 Martinez Mountains,North Ruth,Tennessee,34976,29.948622,76.5074085
Julie Bishop,60,3429 Morris Mews,Williamsmouth,New Jersey,93830,174.673515,-35.851495
David Smith,23,7834 Jenkins Roads Apt. 031,New Andrewshire,Nevada,45335,84.194988,-55.2797105
Kelly Cortez,20,718 Cortez Centers Apt. 000,Hamiltonstad,North Carolina,92265,-37.411763,6.967817
Kelly Rivera,46,188 Jessica Forks Suite 764,Stantonview,New Mexico,81674,-160.453826,-61.2960075
Kayla Martinez,27,231 Valerie Glens Suite 103,Erinborough,Colorado,65123,-5.977468,-5.277887
Brittany Jacobs,64,38807 Shea Bypass,Stevensburgh,Arizona,51600,18.055568,-24.310083
Thomas Gordon,39,82252 James Locks Suite 946,Lake Brandiland,Maryland,22274,-118.784472,59.7209915
Kenneth Nixon,57,799 West Springs,Rodneychester,Mississippi,53924,-133.535825,-14.691932
Marilyn Obrien,77,44456 Amy Spurs,West Markmouth,Florida,72019,112.067132,-46.3289295
Megan Greene,51,827 Dean Mill Suite 826,Kevinbury,Alaska,55952,105.415506,30.4666815
Susan Medina,48,590 Moses Isle,Craigfort,West Virginia,25796,-76.977861,-30.248358
Nancy Nelson,79,9103 Gerald Rapids,Conniestad,Georgia,49965,-8.618829,86.330700
Barbara Rodriguez,23,099 Lawrence Meadows,Lake Samanthamouth,South Dakota,60434,-51.565414,54.174437
Gina Mcdonald,24,7324 Mcclure Forks,Rhondaville,Kansas,34089,19.318197,57.649742
Alexis Reed,24,731 Calvin Island Apt. 176,Lake Thomasmouth,Massachusetts,97252,60.185156,36.9146475
Adam Gonzalez,43,13981 Shannon Passage,Brownchester,Oregon,12398,-91.152678,-40.9085975
Monica Rice,65,701 Nancy Underpass,North Kellyview,Minnesota,14553,79.795567,5.612505
April Williams,46,739 Teresa Ferry,Johnsonville,Virginia,68013,74.327355,-33.182592
Kyle Espinoza,40,97933 Michael Shores,Randystad,Michigan,42843,114.242693,-41.1238885
Allen Martin,79,830 Billy Pines,Rojasborough,Texas,81468,-176.044127,36.417477
Eric Carr,59,59128 Cooper Turnpike,Daltonland,New Jersey,37018,134.361782,-55.952468
Donna Wilson,61,9105 Johnson Ford Suite 385,New Brianstad,Colorado,05729,172.493937,-86.027447
Michael Collins,51,3627 Andrea Road,Meganfort,Vermont,12350,89.166790,69.9934845
Jenna Warner,43,0696 Hatfield Bypass Apt. 007,Mcdonaldbury,Iowa,37886,63.938919,4.246759
Paul Rivers,53,4479 Brown Road,New Brooke,Oklahoma,22124,108.024111,-14.8852675
Timothy Gray,58,7533 Shelton Port Apt. 872,West Laura,Vermont,57250,53.472860,-84.755260
Erik Owen,51,464 Michael Underpass,East Jonathon,Nebraska,64737,75.752970,63.3748535
Nathaniel Gibbs,55,24682 Barry Crossroad Apt. 371,Vazquezchester,New Mexico,63838,165.957682,-52.3797385
Kelly Miles,44,72097 Ingram Ridge Suite 916,New Isaiahhaven,Kansas,34407,49.105150,4.2705275
Paul Goodman,80,47890 Frederick Grove,Chaseborough,Arizona,41384,95.218131,-48.1973435
Charles Martinez,78,5646 Pace Station,North Elizabethmouth,Iowa,31199,-91.689499,10.6797355
Thomas Ward,70,63784 Wall Landing Apt. 971,Romeroside,Minnesota,12495,11.349408,37.035284
Gregory Smith,31,584 Tucker Flat Suite 183,Kimberlyfort,Mississippi,71435,157.254117,-28.5907835
Zachary Francis,60,196 Tracy Corners Apt. 038,Brandonport,Alabama,12251,121.511251,51.3174945
Andrew Tucker,52,986 Nicholas Villages Suite 673,East Emilymouth,Ohio,16486,122.495619,84.4898785
Joseph James,62,009 Collins Forks Apt. 040,Hobbsstad,Hawaii,13752,135.522039,-30.4529185
Mr. Christopher Miller,61,7280 Mary Underpass,Ewingville,Mississippi,04990,-38.922990,85.607382
Jesus Mendoza,22,561 Rebekah Dale,Lake Eric,Arkansas,02504,30.444968,76.4592435
Tyler Taylor,74,6377 Joshua Ranch Apt. 257,South Garyport,Mississippi,06135,-111.784536,-46.165894
Theresa Hall,36,938 Campbell Trace Apt. 658,Cathybury,Oregon,47556,-132.244265,-25.384500
Taylor Knox,48,4899 Ferguson Neck,Norrisview,Wyoming,54377,35.964643,-26.2967345
Michelle Walsh,39,293 Erica Alley Apt. 855,North Brandimouth,New York,83288,144.765881,11.022286
Michael Liu,56,339 Stout Stream,Lake Meganfort,Delaware,22682,18.910090,-26.768990
Samantha Sanchez,70,089 Thompson Garden Apt. 360,Scotttown,Texas,50659,-122.590431,-29.7666675
Jeremy Martinez,31,37656 Nicole Meadows Apt. 843,Reedmouth,Vermont,66381,-119.759840,27.4353255
Mark Mcgee,39,4442 Rosales Roads Apt. 059,Lutzville,California,26459,176.782075,-37.3316295
Monica Rodriguez,18,097 Cynthia Place,Moorebury,South Carolina,43674,-86.946553,-75.446713
Martin Clarke,61,33096 Greg Corners,Waltermouth,Rhode Island,48803,73.053540,-45.1882635
Michael Nguyen,24,631 Bowen Branch Apt. 481,Davidsonmouth,Florida,02144,-27.923299,30.803595
Emily Smith,45,7781 Lopez Ramp Apt. 925,Parkerton,Virginia,93675,-165.961748,-11.2876205
Jennifer Mahoney,53,165 Sanders Extension,Hallstad,Nebraska,63974,107.858947,-65.277872
Joel Curtis,51,73987 Lauren Highway,South Katie,Delaware,43141,128.553218,-89.332642
Shane Floyd,72,81441 Brian Gardens,Toddview,North Dakota,25772,-132.825474,20.134795
Kari Richards,36,029 Johnson Locks Apt. 999,West Erin,Montana,77112,-106.546061,-76.5932145
Kelly Wilson,36,257 Natasha Station Apt. 110,Escobarborough,Washington,95956,-127.072753,-61.566816
Lisa English,55,100 Rosales Forks Suite 903,North Katherineland,Pennsylvania,87257,-70.537286,-83.276413
Stephanie Holt,79,6638 Graham Knolls,Emilyfurt,Illinois,84803,-54.390551,-18.125623
Olivia Clark,36,7074 Mary Viaduct Apt. 808,Michellehaven,Missouri,98352,-94.624041,79.694296
Ian Thomas,79,8236 Gonzales Port Apt. 923,Johnfort,Arkansas,49174,173.555423,-22.1972815
Glenn Smith,41,2073 Barbara Glen Apt. 869,Lake Mauriceton,Mississippi,51377,149.875224,67.5191005
David Melendez,29,6528 Gonzalez Courts Apt. 492,East Kathryntown,Pennsylvania,59105,20.047969,-10.1448305
Shawna Baker,71,9342 Christopher Cape,West Theodoreport,Arkansas,90869,42.824263,53.373322
Jonathan Bishop,29,4307 Daniel Spurs Apt. 552,Port Daniel,Delaware,33818,-111.168954,-32.160183
Matthew Olson,50,03061 Eileen View Suite 491,Michaelshire,Georgia,87358,125.452258,51.7026565
Jennifer White,32,93486 Jennifer Walk Suite 593,Brandiberg,South Dakota,39562,27.569177,-25.6061075
Amy Beck,72,458 Eric Port Apt. 260,Carneybury,Minnesota,55250,25.415181,45.644711
Ronald Huynh,52,6514 Washington Stravenue Suite 089,East Danielle,New Jersey,54448,-175.384234,59.685660
Ryan Marshall,25,1608 Joshua Crest Suite 243,Johnside,Alaska,37483,120.693447,40.9373485
Ruth Luna,47,96271 Morgan Drives,East Kathryn,Ohio,73779,-107.859776,-28.228202
Jessica Marsh,37,5358 Roy Key,Amymouth,Oregon,54916,-164.695716,-61.214054
Cody Le,37,24945 Walker Roads,New Ericton,Arizona,06272,-117.766978,-11.467629
Jennifer Patel,40,291 Nina Village,North Michelle,Hawaii,87787,-119.995322,36.772228
Regina Fitzgerald,55,98164 Maria Gateway,South Whitneychester,Wyoming,58440,-118.015702,23.393920
Carlos Bridges,37,92879 Knox Springs Apt. 968,Mitchellmouth,South Carolina,15248,-41.531360,-43.0860245
Stephanie Brown,79,34002 Fields Brook Apt. 991,East Anthony,Connecticut,61457,59.996710,-18.038835
Tyler White,62,6660 Anna Burgs Suite 624,South Briannaburgh,Delaware,49109,22.067306,15.598743
Shelley Edwards,22,851 Aaron Parkways,Amberland,New Jersey,66802,84.430460,50.577419
Heather Turner,59,610 Timothy Brook,Bryantbury,Indiana,30284,-107.257355,21.0820195
Brian Doyle,54,1129 Martin Haven,Barneshaven,Idaho,30386,73.536527,-69.0359345
Regina Robinson,30,50780 Ramirez Motorway Suite 997,Batesfurt,Oregon,34612,-179.142852,31.5708995
Erika Johnson,34,74320 Emily Street,East Kenneth,New Hampshire,09646,111.068935,6.7589205
David Taylor,77,6566 Frye Center,South Melissa,Alaska,18094,-62.979779,27.3619175
Theresa James,75,86652 Eric Centers Apt. 877,Lewischester,Nebraska,19582,-157.042415,46.593478
Laura Christian,23,851 Turner Street Apt. 269,West Ashley,Arizona,34393,176.768382,-39.1498405
Nicolas Johnson,32,976 Cole Creek,East Davidton,Vermont,36130,18.799225,89.933520
Brady Kaufman,34,3310 Anna Circle,Bryantberg,West Virginia,89410,-147.762298,44.972757
Kevin Gutierrez,73,99441 Chambers Stream,South Lisa,Nevada,83455,-65.295463,-55.1929355
David Wilson,48,90785 Sullivan Parkways,Gillville,Alaska,95461,-3.168412,77.148184
Victoria Nguyen,54,75509 White Alley Apt. 000,Williamfort,Minnesota,41811,45.907149,88.1915915
Teresa Howell,45,6069 King Rest,South Kristin,Pennsylvania,74073,168.745710,3.9489545
Kelsey Smith MD,36,45281 Johnson Pass,South Susan,Illinois,84511,-52.283331,19.6651345
Sonia Edwards,18,291 Evans Roads,South Juan,Michigan,92243,50.109172,6.3335515
Jillian Herrera,38,48363 George Cove Apt. 142,Amandamouth,New Jersey,39844,59.633604,31.140538
Noah Jones,73,1810 Mark Crescent,North Amy,Oregon,27507,125.519824,83.4964595
Matthew Landry,18,56958 Dunlap Hollow,West Ashley,New Mexico,57363,-116.293002,86.0188225
Regina Acosta,52,18150 Rice Vista Apt. 854,Woodtown,South Dakota,06670,69.871828,25.545064
Keith Ramirez,74,90448 Wiley Walk,Elizabethhaven,Texas,55963,-101.312461,2.727899
Sarah Roth,36,58517 Mark Fort Suite 432,Elizabethville,Florida,57827,42.275490,48.8478955
Nancy Cameron,32,87773 Richardson Groves Apt. 983,Petersonport,New York,80342,-65.912671,-3.696655
Ethan Campbell,19,50544 Boyd Summit,South Brandonmouth,Connecticut,73187,155.513162,39.988208
Randall Fisher,58,52792 Hannah Course,North Brianton,Maine,24166,-47.313751,-5.322935
Audrey Cruz,54,34016 Hernandez Via,Kaiserfort,New Jersey,28731,-80.875655,14.6632815
Michelle Young,42,58459 Larsen Oval,Shannonport,North Dakota,47709,-33.220003,16.7844835
Adrian Nguyen,74,93333 Quinn Wells Suite 531,South Maryfort,Virginia,77922,50.014126,-46.948668
Tammy Powell,18,6479 Estrada Field,East Stacy,Iowa,68929,151.426149,2.9642165
Justin Guerrero,37,725 Cruz Rest,Fieldstown,North Dakota,70471,-154.727400,80.4041935
Manuel Young,78,40022 Swanson Squares,New Cynthia,Illinois,10489,-46.039081,-28.6609915
Jose Morgan,43,066 Hickman Shoals,Villaborough,Minnesota,18549,15.046908,-47.9683955
Melissa Boone,36,397 Williams Port,West Michael,Illinois,97734,-80.059471,31.172666
Keith Finley MD,77,01548 Barbara Prairie Suite 699,Foxmouth,Delaware,87058,164.627069,-40.779588
Isaiah Moore,61,746 Murphy Green,Brownborough,Kentucky,64804,-162.360207,-69.043997
Eric Benton,53,2988 Woods Forge Apt. 145,Lake Michele,Minnesota,39364,-22.264158,-20.277133
James Moran,32,2055 Stewart Way Apt. 733,Port Thomasborough,Colorado,04925,-71.322827,55.6400955
Lisa Mayo,47,31168 Wilson Stravenue Apt. 379,Jamesport,California,10489,150.732403,15.302978
Jonathan Harris,28,6631 Stephanie Square Apt. 170,East Devin,Wisconsin,71541,-175.170502,-45.904193
Christian Hill,80,514 Welch Plaza Suite 889,Johnchester,Vermont,94005,-3.331496,49.8955505
Jeffrey Rivas,50,411 Walsh Greens,Comptonborough,Nevada,59202,152.655378,88.9803695
Chris Russell,80,82384 Gomez Crest,West Angieborough,Washington,20967,42.972346,54.8029935
Madison Mitchell,53,387 Jeremy Ramp,Odonnellfort,Maine,85380,-129.442753,-38.144761
Jasmine Carey,65,04628 Miller Plaza Apt. 541,Cummingsland,New York,91694,-53.810511,-82.966001
Tiffany Best,71,1082 Smith Curve,Joshuashire,Maryland,59080,-20.497261,68.461973
Dean Sanford,42,07210 Gates Station,Rosestad,Kentucky,02753,133.820775,85.307056
Barbara Brooks,69,67747 Heather Roads Apt. 605,Lake Franklin,Hawaii,20939,-61.230559,-25.7654315
David Marsh,75,264 Maria Centers,East Anna,Washington,88384,132.919829,69.8681635
Michael Carlson,36,725 Warren Streets,Lake Tara,Indiana,70490,-147.734315,68.399996
Nicole Osborne,23,7223 Adam Harbor Suite 538,Port Andreaview,Alabama,91297,-124.794562,82.3901125
Carl Sparks,60,230 Huff Ways Suite 430,Flemingberg,Delaware,04123,139.222451,11.8540735
Ronnie Jones,25,535 Chelsea Harbors,East Sarahaven,New Jersey,93308,177.934712,-64.9743325
Richard Garrett,23,4023 Heather Parks,Lake Terrytown,Illinois,91397,-140.039127,-12.082422
Charlene Taylor,46,522 Johnathan Heights Apt. 068,South Samanthaborough,Pennsylvania,46323,75.072303,-74.920690
Dr. Elizabeth Ruiz DVM,49,548 Ashley Harbors,Lake Alexander,New Hampshire,79239,69.612763,78.645315
Reginald Griffin,25,81277 Price Inlet Apt. 844,Copelandhaven,Maine,54192,92.918879,30.9327185
Theresa Mcfarland,53,6533 Rice Port,Bethfurt,Connecticut,10587,82.688572,-77.557744
Eric Fry,56,60568 Danielle Circle Suite 042,Bakerland,Kentucky,34109,158.601478,-0.149757
Stephanie Singleton,72,7055 Nelson Islands Suite 947,Brendabury,Nebraska,20828,-113.256656,81.2371515
Gerald Shaw,40,98078 Caldwell Terrace,West Deniseborough,Oregon,92970,-158.515827,36.716599
Johnny Gutierrez,55,833 Kimberly Port,East Alyssashire,Virginia,96404,-69.492239,61.707851
Ryan Smith,43,986 Gloria Shoals,Rhodesberg,Maine,08980,-7.962092,8.700949
David Macias,71,008 Matthew Creek,Solismouth,West Virginia,80497,174.628338,46.9763625
Perry Williams,46,320 Williams Burg Suite 322,East Anthonyfort,Nevada,35056,-86.464089,22.8849185
Timothy Reed MD,65,45627 Garrett Fields,New William,Vermont,19949,110.623710,-53.922125
Joseph Powell,29,681 Jose Skyway,New Scottberg,Tennessee,69318,-145.000463,63.8810605
Ryan Bautista,64,0788 Brandon Skyway,New Corey,Texas,14967,5.116968,37.5021685
Molly Butler,31,56657 Griffin Dam Apt. 146,Mosesport,Missouri,95453,9.839677,-20.3812365
Adam Solis,31,62715 Ryan Canyon Suite 863,East Justin,Oregon,67277,-27.811400,62.267037
Travis Fleming,78,03262 Gomez Roads,New Thomas,New York,20981,-149.525417,-74.126211
Sherry Thomas,24,76155 Bird Vista Apt. 910,West Lori,Rhode Island,96117,32.805439,43.3856465
Dustin White,56,1335 Destiny Street,North Steven,Indiana,25177,153.524251,73.0708475
Christopher Wright,52,61567 Jeremy Wells Suite 104,Johnfort,Illinois,31958,40.710746,-24.9291865
Francisco Silva,30,55953 Day Tunnel Suite 043,Jennifertown,Massachusetts,20421,-23.467452,69.782979
William Gibson,77,884 Lewis Squares Apt. 029,Lake Michaelberg,Arkansas,01685,101.533350,11.0602865
Jared Johnson,66,2171 Elliott Street Suite 499,Mcgeeberg,Ohio,76953,39.094852,29.653086
Kurt Sanchez,59,530 Shannon Knoll,East Bradley,North Dakota,55799,-156.509261,-55.381004
Travis Walker,31,07372 Lauren Plains Suite 738,Martinezhaven,Rhode Island,44880,-139.047733,-78.1593165
Joseph Bailey,21,0817 Jennifer Walk Apt. 930,Port Pamelashire,New Hampshire,92231,48.185897,44.610105
Stephanie Howard,54,4420 Moore Valley Apt. 157,Jamesland,Nebraska,89475,-177.843656,-10.3438475
James Lindsey,20,559 Buchanan Forest,New Stephanie,Michigan,42481,110.268173,38.9660705
Jeremy Dawson,36,93640 Grant Vista,North Marthabury,South Dakota,76192,-15.254653,26.8364235
Jasmine Fox,36,747 Johnson Run,Brownport,Alabama,64840,-141.348289,-47.042737
Joseph Jones,66,622 Baldwin Summit Suite 019,North Rebeccaburgh,Vermont,49392,105.630307,-31.5123115
Elizabeth Torres,68,3143 Mahoney Rapid Suite 383,New Jamesview,Rhode Island,79874,135.746836,-84.0069945
Joshua Rosario,22,855 Reed Park,Evansview,Massachusetts,03120,43.430326,-5.1371195
Tyler Mitchell,39,08854 Mendoza Forges Suite 306,Shaunside,Michigan,77676,142.114045,-0.490941
Felicia Hernandez,64,059 Kerr Fork,East Elizabethside,Alaska,91686,106.347010,82.3547855
Elizabeth Hall,63,689 Jerry Ville,East Kayla,Tennessee,86578,-7.209093,31.955475
Sheri Kennedy,50,515 Luke Tunnel Apt. 048,North Jasmineberg,Tennessee,16999,128.558249,39.8315105
Daniel Nelson,62,49647 Cross Ville,Brittanyview,North Carolina,92560,149.488670,-10.957883
Jessica Vazquez,20,2294 Yvonne Tunnel Apt. 655,Sydneyhaven,Utah,06660,-52.946511,-5.988691
Stephen Copeland,25,147 Campbell Bypass Apt. 011,New Tammybury,Oklahoma,66830,-43.587745,15.590329
Veronica Zamora,25,96911 Jordan Mission,Charlesborough,New Hampshire,35164,14.572061,37.441452
Dennis Fuentes,45,07350 Christopher Stravenue,Hannahmouth,Montana,91059,12.195199,5.6328515
Cameron Moses,66,658 Veronica Plain,Loveton,Ohio,65392,-85.472559,81.928607
Sarah Palmer,28,022 Emily Station,Lindsayport,South Carolina,45377,146.744513,-7.757171
Ronald Morris,61,059 Michael Courts,Darrenberg,California,99582,-38.832662,69.3576325
Holly Wilson,57,20037 Clark Skyway,North Barbaraberg,Hawaii,97410,-46.981604,57.799599
Catherine Hawkins,71,8326 Mary Run,Trevinomouth,Missouri,18591,-127.643714,65.6507685
Alexander Morgan,58,877 Mark Lake Apt. 283,New Codyton,Vermont,50136,-177.757181,21.592220
Victor Dixon,59,948 Davidson Cliff,Buckborough,Ohio,70787,14.875697,-76.8795215
Francisco Parker,33,15564 Christina Mountains Apt. 742,Brownshire,Oklahoma,65405,-106.441023,-3.635053
Paige Glass,67,817 Wallace Islands Suite 458,West Kelseyfurt,California,65858,152.536103,-53.393454
Kyle Hooper,62,61595 Peter Forge,East Davidbury,Idaho,11568,55.059585,66.586389
Lindsay Sheppard,31,2756 Castillo Ports Apt. 288,North Andrew,South Dakota,68431,122.902596,29.6942495
Holly Fleming,26,943 Jessica Springs Apt. 067,Burnsville,Pennsylvania,45309,64.116086,-20.025820
Brian Brown,24,632 Robinson Valleys Suite 431,Lake Timothychester,Utah,15310,129.091291,-57.2891865
Mark Johnson,61,2276 Lauren Mission,Davidsonville,Arkansas,50592,-73.496584,-78.450221
Charles Baker,67,50641 Johnson Path,Lake Spencer,California,66542,-108.899299,-49.0410415
Matthew Shaw,23,9959 Matthew Curve,Port Travis,Wyoming,01804,76.485030,-17.2332215
Alexandra Steele,70,5758 Matthew Common Suite 266,Mileshaven,Alabama,08845,74.356068,37.544538
Amanda Villarreal,64,0239 Amy Junction,East Brandonland,Colorado,96222,72.594845,34.6845935
Donna Dickson,62,3591 Keller Radial Suite 251,West Emilystad,Montana,24359,-101.392400,-50.4000295
William Nelson,24,9446 Bass Roads Suite 189,West Barbara,Mississippi,42497,140.449409,87.637481
Ana Diaz,38,24203 Spencer Ridges,Port Kristin,Pennsylvania,82099,41.223407,66.543016
Donald Gentry,27,7505 Livingston Forest,Port Donaldstad,Indiana,02809,-105.596558,30.374787
Michael Booth,29,36949 Bryan Bypass Apt. 427,Caseybury,Tennessee,36962,7.589318,26.4702135
Brenda Anderson,29,55823 Carter Corners,West Kristi,Wisconsin,93381,133.886299,32.435861
Michael Clark,56,847 Ross Fort Suite 759,West Melissaside,Maryland,24059,-64.837698,22.848885
Danielle Peterson,75,007 David Rue Apt. 096,New Natalie,Georgia,05076,-165.827670,-81.2155925
Ellen Johnson,26,471 Teresa Gardens,Theresaland,Utah,72728,-13.860040,-57.3536895
Julie Tran,24,1144 Melton Mount,South John,Arkansas,33556,-66.491231,83.702666
Roy Grant,30,24377 Melissa Courts Suite 735,Lake Michaelberg,West Virginia,71658,-29.500192,-71.4829425
Eugene Hall,64,3987 Brown Springs Suite 664,Greenstad,California,81438,127.267735,-6.6933915
Stephanie Nichols,44,76152 Traci Wall,East Marioberg,Iowa,80941,173.169834,-54.335980
Brandi Prince,51,265 Franklin Skyway,Port Ryan,Illinois,27730,113.409761,-1.9055555
Cynthia Summers,62,458 Gonzalez Land Apt. 454,Hectorland,Ohio,43286,-60.859583,37.5873685
Jaime Sanders,69,73532 Smith Route Apt. 094,Conleyshire,Connecticut,46276,65.320849,-44.394227
Christopher Luna,38,73985 Carter Hollow Apt. 394,Lake Lawrenceborough,Minnesota,29070,43.034890,83.0801855
Michael Jones,60,90262 Hannah Mountains,Gordonland,Missouri,57060,100.932450,-79.582898
Jack Hays,31,72024 Smith Mission Suite 651,Davisstad,Louisiana,18473,-64.603923,-5.1174205
Melanie Mckay,21,6900 Cooper Crescent,Davidburgh,Utah,99011,160.849959,-74.802329
Michael Herrera,47,17061 Maria Trail,Tiffanyland,Indiana,53312,-8.971823,-55.3073195
James Ellis,61,0666 Wagner Turnpike Suite 961,Simmonsmouth,Rhode Island,67810,153.530384,-27.457913
Thomas Huffman,41,07086 Johnson Glens,East James,North Dakota,05833,35.770205,-11.0241235
Sabrina Ramirez,48,541 Rebecca Glens Suite 468,Lake Alexandrashire,New York,43733,-23.471227,46.487067
Karen Lewis,65,453 Brittney Spur,New Deborahhaven,Connecticut,66569,-4.873166,-10.235324
Karen Anderson,58,32390 Jose Circles Suite 601,Jacksonland,Colorado,73002,-130.605947,-88.7676905
Jennifer Green,51,5334 Debbie Harbor,Stuartport,Ohio,58857,114.907380,-74.1348435
Wanda Harrell,53,957 Jerry Ways Suite 924,Lake Barbarastad,Iowa,75754,-157.007084,89.8574895
Karen Johnson,24,28875 Best Station,Christopherside,North Carolina,52729,49.065411,-61.4796105
Angela Rubio,47,98480 Angela Stravenue Suite 415,Hallville,New Jersey,11036,-148.650314,87.0421235
Jonathan Coleman,70,8015 Lindsey Club,Kimberlyfort,West Virginia,62148,102.922663,-79.8767265
Jeffery Armstrong,52,493 Stephanie Junctions Apt. 929,Port William,Maine,65228,179.602534,61.4271955
Sarah Aguirre,70,10991 Steven View Apt. 694,Rogersfort,Vermont,67667,-98.087523,25.8690635
Mario Jenkins,33,31456 Porter Light Apt. 432,Courtneyborough,Colorado,93267,-47.997474,87.644440
Rebecca Miranda,62,0308 Miller Stravenue,Kelseyberg,West Virginia,83088,-123.038515,74.116228
Linda Edwards,35,146 Meyer Dale,Leburgh,Missouri,83853,-97.966581,-51.4977335
Chelsea Charles,35,7955 Michael Mill Apt. 907,East Paulstad,Iowa,85298,-17.999893,-76.370564
Melissa Castro,32,566 Cook Underpass,Zacharymouth,Tennessee,23838,-171.278363,-57.235672
Adam Lyons,42,65391 Lisa Fields Apt. 219,West Denise,Michigan,02914,-79.932204,4.363431
Madeline Christensen,75,10008 James Divide Suite 371,Crosstown,New Hampshire,84141,124.561782,63.456607
Anne Peters,63,1599 Gates Brook,Benjaminland,Missouri,13020,-107.263943,-83.2490775
Robert Fritz,60,58428 William Turnpike,Moodyberg,Arkansas,84978,-48.527043,35.2017955
Scott Smith,29,437 Jimenez Lights Apt. 571,East Victor,Oregon,36238,-171.829750,-53.6671925
Linda Scott,57,963 James Summit Apt. 100,Knoxfort,Pennsylvania,24615,-35.400670,5.4477985
Bryan Hester,22,47646 Marquez Gardens Suite 601,New Eric,Wisconsin,49770,-68.239150,47.172053
Daniel Velez,63,14614 Dawson Flats,North Matthew,New Mexico,72987,29.264040,32.3156255
Anthony Frye,31,974 Palmer Creek,Lake Tyler,Wyoming,96329,66.005968,39.7857555
Hailey Blair,50,351 Andrea Junctions Apt. 459,Ryanfurt,Michigan,25586,61.168393,-44.519629
Cynthia Jones,22,52406 Arellano Cape,Richardmouth,New Mexico,62869,-140.113183,-5.4690905
Walter Nguyen,35,446 Rebecca Pass Suite 945,Mariachester,Nebraska,31868,-3.787258,16.009503
Kenneth Murphy,68,509 Owens Land Suite 506,West Robert,Tennessee,58392,-103.533078,3.836304
Charles Lara,76,317 Samuel Views Apt. 553,West Emilytown,California,01672,-5.969128,-6.0611705
Timothy Bradshaw,35,173 Avila Inlet,Heatherland,Wisconsin,13107,83.173197,-74.6469635
Valerie Palmer,68,914 Matthew Via,New Markport,California,69976,15.708983,-9.128905
Debra Powell,22,932 Walter Orchard,West Billyside,Wyoming,58378,-43.218151,6.348738
Thomas Cummings DVM,31,68759 Katherine Well,Haileyside,West Virginia,27563,21.317307,1.341460
Brent Porter,38,816 Jamie Valleys Apt. 501,West Carla,New Mexico,64292,-140.245904,58.3619035
Patricia Avila,21,0935 Christian Gardens Suite 334,Justinmouth,Texas,31127,-22.875850,-66.9682755
