name,age,street,city,state,zip,lng,lat
Elizabeth Carney,70,43148 Brian Coves,Tracyburgh,North Dakota,46586,127.661068,-10.4105385
Margaret Hill,62,316 Anderson Turnpike Suite 398,Stokesborough,South Carolina,54913,127.968403,59.519553
Jessica Rice,53,5179 Robles Unions Apt. 942,Donaldfurt,Wisconsin,82968,24.559122,-21.232948
Monica Washington,43,43175 Laurie Springs,North Matthewmouth,New Jersey,91365,19.98654,16.891066
Samuel Swanson,61,539 Brittany Viaduct Apt. 198,Lake Briannabury,Pennsylvania,64334,-92.058197,55.818894
Angela Marshall,60,6101 White Spur Apt. 247,South Coreybury,Tennessee,9925,160.09204,-13.35385
Adam Campos,78,069 Moss Center,Emilyberg,Minnesota,57926,-119.213249,17.064701
Kristina Carney,51,591 Thomas Ford Apt. 055,Kelleyhaven,Ohio,28600,-164.944133,11.7523885
Alyssa Martinez,64,66834 Haynes Field Apt. 252,East Andreaside,New Hampshire,10338,77.992106,-3.7147795
Sandra Allen,51,637 Perkins Place,Sharonstad,Hawaii,92963,-75.360899,31.8252705
Kimberly Conway,79,2562 Mathis Corners Apt. 059,West Brianachester,Kentucky,10426,117.541549,67.753833
Amanda Fisher,55,2275 Flores Rue Apt. 535,Heatherberg,Minnesota,44009,29.357742,-64.0356325
John Manning,65,7311 Jose Terrace,West Calvin,Indiana,12085,-153.144176,-27.0213885
Shari Fisher,67,041 Maria Vista Suite 425,Saratown,Wisconsin,58482,-67.355119,-63.781406
Jessica Clay,42,554 Charles Circle,Josemouth,Iowa,36455,-37.333887,38.65932
Alan Graves,58,05860 Joseph Trail,Wangville,Alaska,88332,-149.613508,-36.478843
Angela Anderson,50,54150 Michelle Forks,Lake Kendrabury,Tennessee,82168,121.349181,64.0570225
Rebecca Smith,61,9915 Nathan Meadows Suite 856,East Victoria,Washington,81204,145.273513,-79.493459
Vanessa Brown,44,6352 Michael Ways,New Mariahberg,Massachusetts,56379,121.605212,81.4574275
Amy Anderson,55,22002 Walsh Green,Allisonton,West Virginia,12750,43.748659,72.122516
Joyce Torres,62,92729 Olivia Burgs,Bruceshire,West Virginia,81069,-157.510476,12.352341
Timothy Meyer,42,30914 Grant Common Suite 961,East William,Mississippi,83537,-47.66795,-75.505397
Lori Norris,52,57603 Gregory Drives Suite 114,Norrishaven,Wyoming,88624,43.435333,-8.5089085
Kevin Woodard,72,32314 Brown Mountains Suite 980,North Denise,Arizona,84819,-108.032934,-31.9515195
Olivia Shaw,80,63423 Williams Lodge Suite 041,West Paul,Mississippi,53495,124.111016,17.0718865
Nicholas Martin,72,53876 Hood Street,Lake Traciberg,Pennsylvania,24426,-52.869347,-11.676622
Casey Hudson,68,583 Kyle Avenue,Taraburgh,Massachusetts,57551,79.459407,72.998976
Robert Allen,43,8805 Cameron Dam,Douglasberg,North Carolina,82186,134.373654,61.370322
Michael Ortiz,47,68772 Solomon Vista Suite 618,Cynthiaville,New Jersey,12217,-86.332311,-76.8155055
Wesley Lee,52,05052 Alexander Meadows,New Heatherfurt,Mississippi,81771,-125.728633,62.8229685
Arthur Bennett,77,935 Robert Walk Apt. 827,South Erinport,Indiana,548,97.27839,7.1764585
Lisa Rodriguez,73,503 Williams Bypass,East Richardshire,Massachusetts,90514,128.756146,-74.1043255
Mark Nicholson,57,169 Anderson Inlet,Lake Cheyenne,Alabama,826,70.645223,80.4581515
Theresa Carey,76,5790 Cameron Court Suite 641,Nelsonburgh,Ohio,59145,171.235601,41.035375
Brett Hernandez,61,186 Anderson Mount,Lake Taylor,Texas,72328,64.175037,46.7741325
Eric Lynch,55,244 White Way Suite 338,Normanshire,Illinois,60164,179.74341,85.1641475
Michael Douglas,68,87845 Turner Divide Apt. 685,South Jeffrey,Louisiana,74838,-4.359082,-18.578972
Jamie Baker,41,313 Jonathan Spur Suite 088,Johnsonborough,Vermont,50043,146.893428,-71.246938
Mary Warren,59,9248 David Track Suite 044,South Brooke,Maryland,55488,-74.524573,38.755193
Benjamin Kelly,48,406 Ricky Corners Suite 856,Lake Scottborough,Wisconsin,93694,0.753189,-45.5219205
Brendan Johnson,48,15904 Rebecca Run Apt. 725,North Tamistad,Massachusetts,65400,-79.747563,-59.39643
Jimmy Dominguez,78,64382 Duncan Ridge,East Annaland,Utah,780,-127.549612,33.9278705
Travis Erickson,72,49368 Rebecca Vista Suite 344,Hendersonport,New Jersey,44790,-3.942905,42.005905
Jonathan Rose,79,755 Jackson Brooks,Hallshire,Oklahoma,76828,97.813488,2.5252045
Megan Smith,49,98599 Sarah Drive Suite 650,South Kenneth,Tennessee,35234,-160.874835,-6.5847035
Tyrone Campbell,41,7339 Dawn Vista Suite 692,New Michael,Louisiana,54684,-53.800517,8.504135
Autumn Gregory,48,1242 Parks Brook Apt. 045,Brandtbury,Texas,94560,-73.001815,-14.6075725
William Miller,75,16443 William Route,West Christopherfort,New Hampshire,29764,-4.415394,-44.1110885
Jennifer Miranda,56,9919 Adam Mountain Apt. 097,New Jessica,Wyoming,90225,-35.106731,-61.650848
Douglas Sparks,55,767 Sandoval Lake Suite 873,Davidview,Wyoming,50258,9.145194,-13.1759295
Thomas Maddox,74,997 Stephanie Isle Apt. 449,Corybury,Wisconsin,2846,-167.612663,45.0704555
Mr. Christopher Garrett,49,1393 Vazquez Parkways,South Bianca,North Carolina,16753,-25.889235,-22.9271355
Darren Christensen,75,972 Gaines Gardens,Stephanieview,Michigan,25734,179.549535,18.5287845
Michael Knox,41,939 Nicholas Run,Walkermouth,Florida,46411,76.347861,-42.5122705
Gregory Smith,77,48072 Diane Plain,West Jeffrey,California,48559,48.046255,-81.8352085
Sonya Howell,67,25966 Montoya Bridge Apt. 283,Courtneyfort,Michigan,75560,-36.560856,56.785386
Stephen James,71,8476 James Rapids Apt. 370,West Candiceshire,Kentucky,96203,23.514779,-59.8444055
Gabriel Santos,65,15535 Mann Via,South Christopher,North Dakota,95491,-20.59259,37.866776
Jonathan Martinez,73,335 Davila Pines Suite 918,East Keith,Vermont,35448,85.621712,-30.7200405
Laura Wolfe,66,39260 Duncan Garden Suite 443,West Larryfurt,Iowa,2097,135.793728,69.3213445
Shawn Escobar,51,9068 Connor Union,Nicoleland,Louisiana,9080,161.956062,-26.509667
Julie Mendoza,53,628 Douglas Plains,Lake Melissachester,Vermont,23187,-39.338598,84.242186
Jaclyn Dunn,53,7209 Richardson Stravenue Suite 322,South Amberberg,Iowa,65260,76.839254,17.7603415
Matthew Wagner,75,029 Lisa Estate Apt. 176,Cherylhaven,Indiana,54030,-65.589768,44.188595
Arthur Mcbride,52,85532 Quinn Common,South David,Montana,83657,111.006644,-31.5289665
Vanessa Reese,78,089 Strickland Dale Suite 394,Murphymouth,Montana,9560,132.927303,-45.3501915
Laura Jimenez,64,4991 Ashley Crossroad,New Sandra,Alabama,74125,44.814737,-3.8488435
Jerry Clark,49,8492 David Point,Schultzchester,Virginia,54238,109.11587,45.975628
Melissa Mccoy,46,967 Steven Orchard,Michaelland,Oregon,27918,-169.244247,0.7959885
Michael Duffy,66,32780 Antonio Mount,Reneetown,Tennessee,36087,-172.049923,-21.634301
George Robinson,48,173 Burns Fords,Johnville,New York,45696,-27.010882,86.341765
Lori Morgan,54,258 Murray Plain Apt. 403,Port Davidstad,Mississippi,79079,2.819801,5.3368725
Jennifer Rodriguez,75,674 Bryan Walks,Lake Eduardo,Idaho,15711,172.645509,-8.4268765
Susan Baker,69,03130 Nunez Squares Apt. 444,Grantshire,Maryland,41013,-148.022735,-58.83913
Jeffrey Cruz,75,74909 Tina Ports Suite 817,North Matthew,Massachusetts,47671,0.217468,24.542432
Kara Reed,78,665 Baldwin Pines,South Sheilaview,Missouri,73011,149.312247,9.6338655
Chelsea Henry,72,82703 Rebecca Plain,New Ann,Maryland,56241,-59.45167,36.5700585
Briana Williams,72,43582 Joseph Locks,Salastown,New Hampshire,94899,155.172435,-36.3841965
Margaret Webster,52,423 Jones Curve,Mirandaburgh,Utah,42345,-26.857599,-40.6961145
Steve Johnson,67,407 Lewis Estates Suite 042,North Ellenside,Montana,10217,135.127932,11.9686035
Crystal Simmons,71,552 Kelly Plaza,Bonnieville,North Dakota,20967,54.535555,-2.608988
Leslie Holland,55,83284 John Green,West Angelbury,Oklahoma,19595,-179.419272,-25.134301
Mark Taylor,80,2878 Greene Club Apt. 487,North Brandonton,Michigan,23054,86.203811,46.42303
Allen Mclean,70,1843 Wilson Coves Suite 608,Antoniobury,Maryland,21840,148.535356,23.2668275
Ashley Perry,49,1769 Jean Key,West Victoriabury,Delaware,70881,-157.254063,-81.6004735
Molly Brown,63,91017 Brian Lock,New Courtneyburgh,Michigan,28395,-61.79159,84.016633
Kelly Matthews,44,57315 Padilla Branch,New Josephside,Washington,48577,59.603112,-78.297954
Amy White,60,652 Richmond Via Apt. 722,Kristenhaven,Massachusetts,86635,37.618403,-75.483008
Lindsey Farrell,70,9173 Bradley Parkway,Gutierrezhaven,Vermont,64948,147.830002,72.5475345
Mark Robinson,77,38452 Tran Summit Suite 760,Cortezfort,Maryland,64011,151.860793,-43.71267
Jeanne Mitchell,66,455 Deborah Meadows Apt. 596,Morganshire,Vermont,28107,-164.941887,17.1577575
Heather Lane,68,04629 Ivan Brook,Carrstad,Utah,86743,-18.071358,36.3584375
Miss Heather Graves,78,142 King Stravenue Suite 884,Randyport,Kansas,9118,106.533322,83.037107
Laura Conway,64,7885 Sawyer Light,New Stacyhaven,Arkansas,62369,143.230069,28.105051
Jesus Maldonado,58,52222 Whitaker Key,Hernandezchester,Nebraska,58223,61.194146,-66.117921
Charles Zimmerman,80,280 Solomon Way,Lake Victoria,Utah,62319,111.248251,53.491179
Michael Gonzalez,78,4511 Thomas Trail Suite 776,Stevenmouth,Nevada,56950,-138.110004,-47.6125245
Alejandra Lopez,45,29350 James Ramp Suite 026,West Ericshire,Alabama,18677,151.584664,-49.53759
Jamie Foley,66,581 Leslie Route,West Andrea,North Dakota,3881,16.126659,10.6117995
Patricia Smith,50,71149 Garcia Lock Suite 457,East Gary,Alabama,87380,129.496576,44.619899
Joseph Henderson,79,20928 Beck Burgs Suite 122,Nelsonville,Michigan,48481,121.189675,0.0133465
Madison Rogers,72,688 Singh Corners,East Virginia,Kansas,36053,107.483357,1.879693
James Taylor,44,341 Patel Stream,Bishopfurt,Utah,87609,-15.293914,-36.03988
Alexis Middleton,56,8617 Gordon Keys,Masonberg,New Jersey,50942,134.110208,16.469374
Kevin Rodriguez,52,58644 Andrea Port Suite 601,Keithberg,Connecticut,65000,-135.539807,6.728418
Timothy Spencer,53,7338 Bruce Harbors,West Kellyland,Iowa,15066,87.985366,-59.113617
Sherri Jones,55,27628 Grant Ranch,North Steventown,Nebraska,64113,27.360583,-0.4512795
Martin Zuniga,63,648 Ramirez Shoal,Port Bryan,North Carolina,27101,-79.975802,79.897938
Jeremy Taylor,61,320 Walls Corner,North Davidland,Connecticut,25734,-170.478266,41.092269
Peter Blanchard,45,99573 Preston Plaza Apt. 931,South Brandonchester,Delaware,3573,-13.490628,-85.853614
Dakota Smith,78,245 Joseph Valleys,Mitchellside,Ohio,40958,5.752645,8.71823
Brandon Green,46,341 Christian Mountains Suite 556,Nelsonborough,Nebraska,8488,-2.849859,45.25372
April Torres,58,26732 Aaron Courts,Andrealand,Arkansas,20469,-27.024795,-86.310893
Michael Reeves,76,4769 Sara Ridges Apt. 431,Maxwellberg,Utah,24977,-170.311003,-21.8996535
Dale Jackson,64,77740 Henry Mission Apt. 305,North Charleshaven,New Mexico,78987,-136.520752,-48.1708515
Michelle Sandoval,63,106 Brandi Glen,North William,Iowa,12321,-127.846554,-11.5528955
James Jimenez,64,781 Burton Overpass Apt. 695,Port Melissafort,Iowa,47532,16.360712,-25.0126465
Lori Gregory,72,20745 Gamble Islands,West Stephenbury,Nebraska,5601,31.224152,-72.0272925
Emily Wolfe,74,5104 Nicole Keys Apt. 949,Carolynfort,Washington,57634,106.43759,42.0960435
Daniel Figueroa,50,3259 Shawn Flat Apt. 691,East Ashley,Alabama,93453,72.76024,67.624322
Jared Rogers,71,07356 Meyers Street Suite 233,Rogerland,New Hampshire,43158,-13.018928,-41.540194
Timothy Yang,72,830 Michael Neck Apt. 089,Morganfort,Montana,42951,176.519418,43.6217665
Jerry Greene,49,3644 Mary Crest Suite 253,Lake Gwendolyn,West Virginia,58974,-11.683032,23.103632
Cynthia Allen,70,56560 Murray Mall Apt. 229,Jamesbury,Virginia,27083,-46.099855,40.5776995
Kara Blackburn,75,304 Burnett Freeway Apt. 583,North Lisa,Vermont,95317,-150.695413,47.2525155
Joseph Stout,72,07013 Simmons Gateway,North Trevorview,North Carolina,92724,86.207099,-58.9074125
Mrs. Karen Green,53,58082 Kelly Villages,West Scott,Nebraska,68784,30.826472,-80.6507645
Alexandria Dillon,56,74269 Jones Cliffs,South Jerry,New York,47512,91.378977,-36.483479
Tiffany Morgan,56,15818 Timothy Extension Apt. 360,Staffordborough,Pennsylvania,34418,-9.027152,69.492301
Joseph Jones,80,85053 Rodriguez Mountain,Rodriguezhaven,Illinois,30118,-93.558549,77.8467855
Donna Hunter,72,7492 Sharon Roads,Port Michelle,Kansas,7081,16.973052,-42.1114165
Dr. Elizabeth Young,60,4086 Jamie Forest,New Lisafort,Massachusetts,79032,128.724775,24.058917
Denise Zimmerman,60,735 Craig Meadows,South Joseph,Georgia,98802,101.960957,-30.7237755
Patrick Moore,58,34841 Anthony Drive,Colleenland,Oklahoma,57048,175.561245,2.2062585
Scott Gomez,74,13922 Glover Spurs Apt. 409,Coleberg,Iowa,72350,91.731265,38.098794
Michael Higgins,71,23573 John Manor Apt. 034,Jenniferton,Wisconsin,42184,175.450053,-75.7992085
Meagan Griffith,61,661 Williams Ways Suite 576,Solisside,Hawaii,8528,121.626128,-63.2379135
Elizabeth Bautista,59,755 Gibson Forges Apt. 214,Port Rebeccafurt,Minnesota,83009,165.00752,2.4893945
Steve Nielsen,68,959 Ballard Vista,North Timothychester,Texas,39333,-29.444312,77.7713
Lindsey Martinez,47,98608 Stephanie Spur Apt. 893,South Jacqueline,Nebraska,47212,-98.661693,82.9881615
Robert Hanson,58,3561 Erin Shores,Wiseside,Arkansas,36156,-126.334427,-38.1224835
Brian Smith,41,87171 Lindsey Dam,South James,Idaho,30717,35.136318,30.2145805
David Fleming,67,215 Stephen Park,New Donport,Ohio,48208,-152.581632,17.4178055
Jeffrey Hebert,50,8466 Brian Roads,New Morganfort,Delaware,24596,-80.967021,-14.866107
Mark Snyder,79,512 Beck Way,Lake Sara,North Carolina,52682,143.74729,-61.776921
James Andrews,41,21093 Amanda Spur,North Saraberg,Montana,23098,115.037245,-88.961148
Elizabeth Wheeler,74,3218 Blankenship Roads,Edwardburgh,Maine,8677,-95.480769,-62.8155125
Crystal Morales,55,6934 Ferguson Corner Suite 522,South Codyburgh,Hawaii,90862,-141.310459,5.809434
Hector Colon,72,5407 Barton Expressway,Joannaside,West Virginia,61458,27.21469,67.3162285
Amber Kane,41,44607 Yates Ridges Apt. 479,Weberfort,Iowa,14458,33.988525,72.399419
Elizabeth Rogers,46,68770 Linda Rapid,Lopezburgh,Tennessee,39797,109.598918,76.329211
Anthony Green,45,102 Nicole Crescent Apt. 415,Richardsonton,Pennsylvania,71852,-148.43149,-13.4258715
Jason Campbell,44,93962 Tamara Spring,Duncanhaven,Kansas,711,-65.346391,-79.0211815
Kelli Leonard,63,9706 William Neck Apt. 338,Williammouth,Oregon,56496,-19.840143,-60.811721
Kenneth Lee,56,2310 Kimberly Club,Port Brian,West Virginia,68654,-40.437178,85.3445415
Karen Fuller,72,2328 Sellers Roads,Michaelville,Georgia,43720,170.825681,48.767563
Joanne Fowler,67,6265 Kyle Crescent,New Ashleyland,Alabama,64292,129.849849,-77.2852885
Ricardo Mills,43,1480 Fisher Crossroad Apt. 395,North Stevenburgh,Arkansas,63680,-28.726442,-80.5943155
James Trujillo,62,5157 Johnson Branch Apt. 688,New Cameronland,Pennsylvania,33075,-46.086406,-44.306394
Kristin Baker,46,277 Bianca Neck Suite 541,New Albert,Florida,97539,138.529072,-29.326296
Lori Sexton,77,48094 Beverly Brooks Suite 199,North Robert,Arkansas,66241,79.307576,-76.7445135
Walter Hopkins,66,21679 Cox Courts,Yatesburgh,Kentucky,62227,-16.869076,-24.924757
Stuart Benjamin,45,063 Victoria Park Apt. 221,Simpsonstad,Maryland,46363,112.980557,31.313477
Christopher Robinson,49,014 Darlene Mall Suite 989,Aguilarmouth,Michigan,41433,157.601945,-64.451539
Kimberly Clark,67,48104 Erika Isle,Suzannefurt,Minnesota,32000,48.049788,40.8991555
Mrs. Elizabeth Wallace MD,64,549 Castillo Wells Suite 911,South Morganmouth,California,90081,-67.508322,19.8635455
Brandon Berry,72,53907 Alex Pike,Port Carrieport,Alaska,69997,-83.385382,82.114629
Mrs. Heather Hernandez,77,26292 Larry Lake,New Lorraine,Tennessee,59236,133.920447,60.9144625
James Pineda,44,40105 Lopez Square,North Markland,Pennsylvania,93721,-126.651098,57.460246
Andrew Henderson,65,314 Williams Via Apt. 977,Christophermouth,North Carolina,80368,-133.902313,-85.15545
Christopher Gray,74,7869 Valdez Parkways,Lake Ashleychester,Louisiana,77781,82.930506,33.277279
Jermaine Moreno,77,4425 Lori Squares,Lake Pamela,Maryland,16196,-164.335647,63.1127985
Seth King,79,76407 Dawson Keys Suite 030,West Curtisview,Mississippi,37181,-78.899869,30.015816
Raymond Jones,75,7650 Smith Inlet,Haleybury,Tennessee,7427,77.05041,-59.6693235
Daniel Landry,63,9561 Blankenship Key Apt. 336,West Susan,Montana,61187,103.200922,-72.188788
Tiffany Rivera,76,1296 Joseph Field Suite 124,North Kathryn,Utah,2560,-146.848744,-75.9513805
Jared Wang,54,87884 Best Mountain,Wellston,Alaska,35052,87.478528,80.5387325
Jamie Lee,66,1936 Mata Green,Cooperside,Kansas,98164,-15.050031,-34.7177985
William Garcia,73,697 Johnson Burg,Garciaport,Vermont,50339,117.088275,57.3859695
Richard Pierce,52,76872 Susan Greens,South Crystal,New Jersey,44963,23.296583,17.932034
Kimberly Castro,73,65068 Brandon Locks Suite 688,Angelachester,Oklahoma,88194,-88.465648,16.763984
Allen Miller,68,801 Matthew Forest,West Manuel,Montana,55086,-116.504212,-23.882895
Stephanie Watson,51,824 Stevens Lock,Robertstad,Kansas,45505,120.666484,-15.6277745
Daniel Thomas,73,313 Ashley Radial Apt. 032,West Roberto,Vermont,51453,76.407806,53.0465705
Jeffrey Vaughan,46,757 Wesley Ramp,Lake Taylor,North Dakota,84138,9.673195,-85.468441
Sabrina Sanford,55,916 Brooke Mews,North Jennifer,Ohio,66972,-13.154819,-24.0954685
Dale Johnson,64,89072 Brooke Meadow Apt. 295,Wheelerborough,New Mexico,26274,-88.340864,42.9851945
Peter Pena,52,249 Chavez Isle,North Benjamin,Nebraska,84478,128.822162,40.582338
Dennis Gonzalez,53,5367 Roger Court Apt. 410,Port Kevin,Maryland,52261,95.653132,-28.2392745
Leslie Wiley,75,488 Morris Throughway,Ortegaberg,West Virginia,37357,-20.342851,-74.500443
Jean Marquez,58,536 Wilson Springs Apt. 540,South Michaelshire,Utah,29500,104.339497,4.18402
George Perez,48,07973 Johnson Groves Suite 870,Kington,Kansas,12971,-116.371663,-25.8012095
Norman Collins,44,227 Williams Motorway Apt. 673,Adamsville,New Mexico,66695,-38.273374,-60.1477515
Derrick Rogers,70,06744 Ronald Mall,Crossport,Missouri,20723,-8.875178,15.5420745
Joseph Ramirez,67,78221 Taylor Falls,New Ian,South Dakota,96585,-69.340875,-5.0472475
Allison Brown,50,395 Adams Club,North Gary,Arkansas,54550,-136.709712,16.7515365
Courtney Sawyer,57,77119 Rebecca Port,Brownberg,Illinois,93546,61.163389,60.659437
Cameron Martinez,80,53985 Peck Inlet Apt. 771,Matthewborough,West Virginia,46386,50.931665,26.65595
Harold Howell,75,57186 Jensen Dale,West Debramouth,Kentucky,13255,82.944997,-86.0207215
Tim Figueroa,57,65579 Sara Neck Suite 234,New Brent,Texas,33757,-78.937046,22.0852695
David Nichols,75,438 Kristin Squares Suite 481,Allisonbury,South Dakota,34537,-154.783646,-29.7046115
Robert Walters,71,651 Castro Route,Port Michael,Nebraska,12247,-84.608576,56.768834
Joseph Green,61,6605 Sherri Forks Apt. 278,East Tonyaport,Alaska,45200,58.704583,-72.7902835
Curtis Williams,51,45728 Heather Mission,New Julie,Arkansas,81165,41.658995,-45.071866
Ryan Sanchez,77,843 Adams Avenue Suite 680,Lisashire,California,81202,68.647333,-25.029914
Terry Taylor,76,40012 Alexis Gardens,Williamberg,South Dakota,9357,-30.724362,88.78877
Christopher Gonzalez,77,302 Mullins Stravenue Suite 820,New Michelle,Maryland,8191,153.844561,-54.156174
Kathryn Walker,48,92947 Oliver Extension,Port Chloeburgh,Colorado,26699,-44.892303,24.8547655
Zachary Gibbs,50,2134 Fox Views,New Mark,New Mexico,46653,102.668353,-49.4871755
Zachary Owens,67,2389 Elizabeth Causeway Apt. 701,West Valerie,Maine,86202,-2.466556,38.763381
Kimberly Gay,55,141 Tracey Ranch,South Elizabethchester,Wisconsin,51175,3.970501,24.506842
Joseph Wilson,65,8513 Timothy Well,Karenborough,Colorado,62228,136.415441,-2.4876305
David Harrington,58,61550 Dawn Expressway,Elizabethbury,Maine,22845,171.856752,1.9553135
Jodi Davis,44,826 Anderson Circle,South Jessica,Virginia,65973,-12.317923,-39.718279
Aaron Tate,43,810 Best Mews Suite 600,Gilesberg,Hawaii,40109,-3.287536,-21.350251
Robert Thomas,50,18640 Taylor Trace Apt. 306,Jerryport,New York,99548,72.720392,-16.416929
David Solomon,56,702 Benjamin Unions,New Anthony,Louisiana,13915,84.650481,-42.494743
Samantha Whitney,70,738 Jessica Station Suite 722,New Margaret,Wisconsin,45933,63.043796,-42.7759405
Leah Ramirez,76,2708 Jeremy Mews Apt. 156,Coxborough,New Mexico,80447,-27.549692,-61.251748
Brian Collins,60,205 Barrett Drive,Andradeport,Rhode Island,47305,-82.344209,67.391176
Heather Warner,41,8471 John Forges,South Kimberly,Wisconsin,16717,-178.081838,10.915177
Thomas Smith,71,51454 Chandler Drive,North Caitlinhaven,Vermont,63291,107.160097,-69.323329
Gregory Johnson,60,00580 Rich Port Apt. 811,Lake Sarah,Tennessee,892,-177.528528,-25.3199745
Mr. Juan Ortega,52,14812 Stephens Estates Apt. 946,Rodriguezton,Michigan,13984,-45.400018,-22.2123765
Michael Reyes,43,070 Karl Prairie Apt. 416,Robertland,Delaware,75091,-67.750544,-85.2119345
Jeffery Stein,78,3659 Smith Via Apt. 533,Port Nathan,Iowa,27467,33.693176,62.72169
William Pierce,43,54047 Douglas Avenue Apt. 913,West Kimberly,North Carolina,50138,-115.523966,-9.322495
Valerie Graham,46,28394 Megan Way Suite 362,Laneside,Nebraska,46331,64.596349,79.295556
Sophia Washington,61,76183 Kelli Mountain Suite 859,North Jonathan,Massachusetts,12318,128.751422,86.7547065
Carl Grant,73,85265 Thompson Knolls,New Carolyn,Missouri,77869,-40.677226,-15.3811315
Eric Williams,70,8056 Tina Springs,North Aprilchester,Iowa,33047,37.056644,1.9714785
Alexis Yoder,76,72547 Chelsea Islands,New Brianland,Vermont,77676,-47.052345,4.791218
Veronica Schwartz,55,9362 Robinson Fork,Nataliestad,Texas,28234,-34.257172,83.959118
Elizabeth Harris,72,4342 Newton Centers,Jasonshire,Montana,11041,46.886725,86.6989895
James Green,62,572 Martin Rue,West Melissahaven,Vermont,70966,-173.00318,-6.8512565
Lisa Lutz,76,47548 Clements Shoals,Smithburgh,Massachusetts,35279,-11.532629,75.914225
Jason Wilson,59,0736 Christopher Green,Daviston,Arizona,36503,-68.345024,-44.529765
Christopher Morris,48,71948 Ray Junction,West Johnnychester,Montana,48945,65.053949,-68.8464325
Kristin Haney,48,491 Jason Via,New Linda,Utah,88630,130.092503,12.5986435
Christopher Wilson MD,51,251 David Mountain,North Michelleton,Alabama,85964,136.613232,33.034509
Andrew Malone,70,98571 Jenny Trafficway Suite 530,New Michele,Iowa,46916,5.072656,-31.3212675
Melissa Gaines,78,4833 Crystal Islands Apt. 377,Stewartside,Alabama,8988,25.512226,1.905689
Caroline Vega,51,1929 Smith Key,West Lisa,Wyoming,32573,3.265359,-46.1171985
Nathan Mccoy,66,8818 Tommy Knoll Apt. 124,West Joshuabury,Nebraska,99943,19.898253,-19.2232085
Jonathan Petty,51,2106 Kyle Avenue,Oliviaburgh,Kansas,85722,-79.672076,18.3223715
Heidi Yoder,56,1750 Jessica Valley Apt. 252,Loganhaven,Alabama,80050,161.025904,-87.8570125
Todd Morris,74,76112 Dean Camp Suite 613,Dunnbury,Connecticut,86256,-24.630672,-50.015057
Stephen Johnson,50,60186 Smith Land,Davisshire,Illinois,74749,74.611854,-13.881163
Linda Holder,47,6400 Joshua Crescent,Brewerview,Alabama,74622,-57.405882,84.412444
Jonathan Diaz,58,5579 Carl Hollow,South Michael,Washington,15444,-126.151975,13.82487
Sarah Figueroa,41,3709 Yolanda Route,Johnside,Rhode Island,7269,41.752615,66.796232
Stephen Rush,70,51422 Wolfe Cape Apt. 750,Clarkborough,Idaho,19220,9.714634,89.84253
Wanda Singleton,48,01723 Cruz Village,Michelleborough,Colorado,38149,14.583118,32.924773
Theresa Valentine,76,1279 Elizabeth Wall Apt. 185,Lindseyburgh,Massachusetts,69544,142.110237,-84.156956
Patrick Duncan,53,7756 Miranda Radial,Coxfort,Maryland,58377,-136.461027,24.085895
James Solomon,69,46231 Russell Rapids,Samanthaberg,Iowa,87742,-67.282033,26.0332715
Samantha Chase,62,2677 Jack Courts Apt. 174,Grantville,North Dakota,32733,57.284474,-1.250304
Brian Cain,71,9319 Michelle Rue,South Edward,Indiana,5136,41.632208,53.3038925
Jill Scott,51,02092 Spencer Shores Apt. 757,Anthonyhaven,Arkansas,20290,-67.68858,63.4655395
Thomas Duran,67,56549 Williams Bridge Apt. 586,South William,Iowa,75053,84.019221,-54.8967705
Jonathan Parrish,45,4151 Evans Brooks Apt. 298,Juliemouth,Nebraska,84074,173.250953,3.635248
Kathleen Lee,46,305 Mann Crescent,Geraldfurt,New Jersey,20009,-14.281931,-51.4038945
Christopher Palmer,47,99219 Paul Spurs Suite 764,Reynoldsfort,Oklahoma,69890,-48.59592,27.8958295
Michael Cole,66,190 Matthew Vista,South Wendyton,Maine,96383,-109.521211,23.3290305
Stephanie Erickson,47,22517 Renee Lodge Apt. 900,Larryton,New Mexico,57215,-112.560278,43.8212545
Christopher Jones,73,963 Evans Court Suite 769,Timothyfort,Delaware,74516,-49.089218,-81.295186
Jo Baker,46,62416 Robert Lodge Suite 143,North Andreastad,Utah,38084,122.275836,13.1035965
Julie Lozano,77,970 Patrick Plaza,South Jamesborough,Vermont,51552,8.902725,13.6363215
Sue Hall,72,892 Davis Centers,Bartonchester,Louisiana,12442,-168.15061,2.5084715
Ryan Gomez,75,31990 Taylor Forges Suite 897,South John,Pennsylvania,29074,161.456498,17.9179935
Jesse Wallace,51,542 Michael Estate Suite 313,Lake Derek,Kansas,68717,45.900681,52.1912325
Sherry Avery,44,32566 Debbie Fall Apt. 104,Craighaven,Texas,87140,-125.939279,73.3617655
Steven Campos,57,53696 Crosby Lodge Suite 811,Ramosland,Oregon,11781,95.396061,-16.1583705
Kimberly Gutierrez,41,3288 Amanda Parkways,Cristianbury,Texas,79970,94.692653,84.964862
Christine Mitchell,75,240 Ashley Corner,North Carla,Kentucky,17570,-22.038098,-9.6789745
Sean Oliver,74,345 Austin Field Suite 933,Lake Jorgeburgh,Alaska,81997,-44.758413,-31.4194655
Robert Martin,45,2894 Elizabeth Throughway,Anthonyfort,Georgia,74578,-47.704333,84.798393
Daniel Jordan,62,0104 Clark Village,South Amandaside,Massachusetts,33854,-49.657429,6.8349515
Vicki Ward,54,340 Wilson Green,Timothyside,Massachusetts,39649,32.852267,-38.164375
Alexander Ramirez,73,2885 Cooper Ports Apt. 243,North Victoria,Delaware,72290,77.463569,16.410946
Timothy Lee,58,1054 Pollard Falls Suite 120,Smithfort,Delaware,81438,-56.419202,49.4057375
Brian Cooper,62,089 Dudley Causeway,Jacksonville,Utah,25987,163.429875,-20.3938085
Kimberly Guerra,79,3754 Rodgers Vista,Port Jeffreybury,Hawaii,3956,175.087437,-48.9957525
Crystal Poole,52,6364 Watson Valley,Flemingstad,Oregon,56468,-133.387428,24.489064
Suzanne Thompson,57,048 Cook Cove,North Jacqueline,North Dakota,93941,-91.849521,-32.90787
George Weber,80,281 Harris Flats,Brownfort,Idaho,79682,-152.780889,-24.669665
Kimberly Welch,79,3173 Blake Bridge,Shellyburgh,Texas,6657,-43.333684,-85.684228
Albert Shaw,71,60301 Kimberly Keys,Virginiastad,Hawaii,44618,-49.194545,26.6125975
Caitlin Young,55,7740 Riley Brook,Freemanfurt,Colorado,90985,-156.77185,50.552562
John Medina,75,93616 Kimberly Bridge,Guerrerofort,West Virginia,22681,92.848782,1.8015125
Dustin Lee,50,15504 April Trail,Lake Lisa,Oklahoma,90597,86.788323,71.521605
Jennifer Mahoney,41,781 Hill Villages Apt. 210,Elizabethside,Vermont,50681,165.196453,29.0226645
Jeanette Ramirez,53,98110 Sanchez Avenue Apt. 891,South Shannonmouth,Nevada,53701,-105.261782,-32.412827
Haley Taylor,59,45364 Wilson Neck Suite 871,Mccallshire,New Jersey,72046,150.376189,21.769602
Jeremy Garcia,42,4353 Smith Wells Apt. 546,Lake Michaelchester,Texas,33197,-34.376444,44.5307015
Paula King,70,90910 Brittany Harbors,East Laurachester,South Dakota,31609,103.39478,58.642828
Jacqueline Tanner PhD,44,089 Michael Gardens Suite 775,Holtport,New Mexico,17380,-122.033192,36.472929
Leslie Williams,69,876 Steven Meadow,Georgeburgh,South Dakota,95206,126.716584,32.4908025
Sandra Mcdonald,44,537 Keller Motorway Apt. 828,Briggstown,Illinois,23110,-67.999746,-3.407141
David Parker,65,41019 Teresa Springs Apt. 147,Blakemouth,Delaware,46190,-176.543443,-61.732215
James Farmer,76,8708 Mercado Ford,Goldenhaven,Michigan,53596,165.302812,5.639092
Michael Alexander,61,39405 Keith Walk Apt. 414,Sheilachester,Washington,44199,124.392852,-79.372054
Brian Parker,66,08772 Poole Unions Apt. 744,West Michaelmouth,Washington,64918,-128.963127,-57.3181355
Jacqueline Knapp,55,24317 Esparza Fall,Wrightland,Arizona,5526,72.56169,-89.806296
Heather Anderson,62,05444 Jones Neck Apt. 158,Soniamouth,Maine,44249,-84.317659,37.721447
Willie Price,73,5764 Sandoval Street,East Susanshire,Washington,58838,20.514942,56.8439435
Michael Edwards,63,77041 Thomas Circles,Laurieport,Arkansas,34809,141.612752,87.827152
Joel Wells,80,00698 Barnes Drive Apt. 831,West Donaldfort,Virginia,1509,179.984831,86.013425
Craig Hicks,43,766 Rich Mountain Suite 938,New Monicaborough,Michigan,15077,35.227697,22.649669
James Brown,65,941 Reed Wells Apt. 971,Jeromechester,North Carolina,95344,-114.104172,4.147365
Joel Young,42,22724 Robert Lock,South Jennifer,Iowa,47414,150.087212,81.150654
Maria Steele,80,09396 Tyler Greens Suite 001,Newtonbury,New York,60033,51.500154,23.3323065
Mrs. Lauren Powers MD,49,3982 Perry Via Apt. 313,Port Lauren,Mississippi,63197,-75.36648,-25.185639
Jessica Beltran,58,95953 Mitchell Viaduct,North Christopher,Mississippi,78177,-125.571784,75.918929
William Mcdonald,60,821 Farrell Tunnel Suite 674,New Zachary,South Dakota,56053,-56.199092,64.457155
Susan Terry,70,3392 Benjamin Field,Bethfort,North Carolina,53723,26.969187,-35.59594
Patricia Peterson,49,845 Guerra Brooks Apt. 301,Odombury,Wyoming,17252,163.212572,65.821768
Paula Hawkins,61,1602 Garner Pass,Fryestad,Alabama,6174,133.411007,36.388846
Hailey Woods,65,3473 Jodi Stravenue,Port Julieside,Iowa,25781,73.329598,80.662919
Rebekah Richards,59,79749 Steven Glens,Port Robert,Georgia,68876,94.088561,-56.190833
Kim Morales,78,91368 Victor Coves,Lake Jennychester,Washington,78288,30.720981,4.331734
Terri Barton,58,195 Darryl Freeway Apt. 888,North David,Illinois,33084,10.705758,-18.6664055
Susan Hall,64,88569 Jeff Pine,Port Caitlin,Georgia,62593,-62.051069,-24.7883975
Daniel Tran,52,406 Tracy Pike Suite 158,Port Valeriemouth,Louisiana,88326,65.687097,-2.0178175
Jeremy Tucker,62,2981 Sally View,Benjaminside,Wyoming,26058,61.688851,-28.025864
Austin Campbell,72,39718 Robert Motorway Suite 264,Torresview,Colorado,80066,158.159983,69.2457635
Jordan Coleman,56,949 Smith Junctions,North Mindyport,Delaware,50056,161.687131,27.0409655
Robert Simmons,45,709 Ryan Meadows,Jonathanfurt,Mississippi,49954,-8.862349,26.16416
Marco Contreras,78,38100 King Rest Suite 417,Zoeland,West Virginia,47271,-155.903134,13.2259375
Dwayne Carney,58,3138 Patricia Ramp Suite 654,Benjaminton,Missouri,65458,-53.417248,37.5821735
Christina Wilson,46,46327 Robinson Fords,Allenland,Alabama,69767,-8.233086,-2.176811
Sandra Rosario,46,18457 Bradley Hollow,Kristaville,New Mexico,85928,-32.827621,10.5918365
Patty Jones,43,603 Medina Glen Suite 857,West David,Louisiana,12994,-13.563519,-19.4128055
Patrick Snyder,65,2213 Sandra Extension Suite 588,Dianehaven,Minnesota,18132,13.702718,-32.0390595
Jason Stewart,71,6073 Buck Rue,Leahmouth,Utah,68735,118.522978,-85.956711
Sara Torres,72,1628 Bentley Ville Apt. 188,New John,Hawaii,83008,145.250941,53.6766245
Stephanie Williams,66,81574 Pamela Loaf,East Mariofort,Alabama,66103,64.187218,-87.682314
Jonathan Mcdowell,44,97857 Parks Parks Apt. 276,Kellitown,Utah,69094,153.674146,-13.212566
Brandon Marshall,67,78723 Brenda Ridge Apt. 114,East Samanthamouth,Indiana,67148,112.205463,34.4083655
Michael Goodwin,74,4676 Martha Gateway,Devonport,Maryland,60965,-170.531865,77.6813945
Angela Terry,66,063 Weber Knolls Apt. 373,Irwinstad,Maine,53613,-37.216329,56.461227
Kim Roy,64,123 Theresa Key,Lake Patrickland,Michigan,12520,-15.402938,-74.7699345
Elizabeth Holloway DDS,42,5748 Barbara Trail Suite 371,Nicholsmouth,Illinois,54032,-97.204867,2.1406065
Annette Jones,46,15085 Joanne Keys Suite 508,Port Jennifer,Wisconsin,37532,-150.754167,-48.8571265
Cassandra Barber,60,684 Gray Route Apt. 905,East Jessicaburgh,New Jersey,21547,-35.906827,-3.5697885
Rodney Hicks,72,343 Joy Centers Suite 744,Sheenaborough,West Virginia,27357,167.440354,-8.228587
Gabriel Adams,63,857 Brandon Rest Apt. 491,Jonathantown,Virginia,11726,-107.550742,82.796389
Gregory Gonzales,60,2587 Taylor Trail Apt. 133,Shawnborough,Oklahoma,83432,-143.311,39.1056705
Colleen Miller,52,3927 Barbara Expressway Suite 761,Tracyhaven,Rhode Island,33862,153.209609,58.1616805
Jaime Harris,46,9624 Anthony Radial Apt. 389,Brittanybury,Idaho,25099,-137.503448,-73.429356
Christopher Miller,77,06865 Chad Plaza Suite 861,Smithberg,Virginia,60184,141.671472,49.9897385
Teresa Blanchard,80,695 Anthony Forge Suite 968,Jamesberg,New Hampshire,96832,-133.814125,-73.5121945
Amanda Buck,46,5622 Smith Rapid,East Terrance,Michigan,36380,151.400897,54.7577895
Amy Cameron,66,95175 Fields Corner,Jacquelineborough,Maryland,81850,-66.826913,17.8488115
Brad Davis,57,3430 Wright Trafficway Suite 514,Smithfort,North Dakota,4470,5.776931,-54.357517
Erin Thomas,45,467 John Ports Apt. 998,Lake Markberg,Florida,10656,107.034295,-6.5224595
Brian Kane,68,3969 Douglas Key Apt. 956,North Markburgh,Texas,80779,44.351934,-81.5736795
Ricky Sharp,75,289 Kelly Landing,Grantfort,Montana,84376,-85.403004,87.7998865
Melissa Rasmussen,42,262 Kevin Island,Charlesland,South Carolina,91350,-45.48075,-65.539149
Maureen Rivas,44,9830 Michael Groves Apt. 589,New Markside,Pennsylvania,47545,-79.512372,82.156446
Savannah Gardner,73,71618 Alicia Stream Suite 522,East Michelle,Indiana,71720,-132.969047,-67.1467645
Amanda Dudley,70,9005 Nixon Cliff Suite 372,West Jessicaside,Alabama,12626,110.374784,-12.1211955
Colin Foster,44,233 Sarah Hill Apt. 684,West Nathanfort,Maine,64466,100.583977,18.338494
Desiree Erickson,52,716 Stevens Harbors,Greenton,Kansas,67058,156.707531,61.4439655
Ricky Wallace,62,4500 Curtis Inlet,North Omarberg,Alaska,20448,-104.464136,-48.466714
Erica Holmes,67,8727 Michael Burg Apt. 317,Port Annette,Colorado,52869,-6.053114,-19.467385
Matthew Dawson,65,9286 Blair Crescent,Ruizside,Maine,16790,-119.687211,59.2282685
Beth Osborne,45,0624 Kyle Views Suite 838,West Jenniferstad,Georgia,83802,167.467097,-15.262366
Douglas Levy,70,932 Charles Keys,Coreyland,Virginia,86970,31.563681,-22.0039145
Susan Robbins,55,3509 Rivera Lane Suite 252,Joshuaport,South Carolina,50889,-69.772095,-60.4345585
Heather Romero,56,208 Sosa Place,South Johnberg,Vermont,50572,-91.393157,40.420861
Dawn Ayers,51,9923 Michael Skyway,South Edwinfurt,Colorado,7701,101.776461,-9.8806765
Jason Phillips,64,618 Erika View,West Jesusside,Delaware,69099,81.540458,-31.513182
Natalie Wilkins,53,1722 Charles Viaduct,Mendozaport,Arkansas,89494,-44.791636,-89.91272
Ashley Johnson,69,9800 Wells Pines Suite 984,West Andrea,New Jersey,90301,-136.400547,28.5009365
Mary Palmer,74,9953 Olsen Port,West Tiffany,Louisiana,37934,-78.513593,-81.733766
Bradley Burke,52,432 Santiago Street,Lake Victoria,Connecticut,28385,87.1472,-29.237269
Ryan Baker,64,20300 Coleman Lodge Suite 853,North Matthew,Alabama,34649,-103.25127,-8.224601
Sarah Chapman,53,287 Charles Flat Apt. 599,West Nancy,Wisconsin,54944,-67.929652,-29.1269645
John Martinez,48,938 Gomez Parkway,Alanfurt,West Virginia,12781,139.75323,-1.8005525
Michael Watkins,74,123 Sullivan Port Suite 599,Olsonmouth,Oklahoma,95515,-67.018525,-22.780598
Amanda Espinoza,66,0225 Snyder Meadow,Timothychester,Utah,16135,-0.762069,-73.1066885
Carlos Carter,57,332 Samuel Extensions,Thompsonborough,Montana,51688,3.655414,66.049
Harry Jefferson,51,25411 Whitney Lights,Johnchester,Rhode Island,39042,-39.651694,8.40605
Felicia Johnson,52,43526 Gallagher Field,Larryfurt,Oregon,85811,82.624243,-26.4260605
Michael Hull,43,69597 Harvey Overpass,North Christophertown,New York,93473,151.520623,87.1390315
Ryan Hill,60,069 Powers Dam,Jonesmouth,Nebraska,35161,25.278811,75.1084365
William Fletcher,43,7673 Sampson Roads Suite 217,North Eric,Arizona,30090,142.881071,68.5715345
Austin Mitchell,49,019 Adam Path Apt. 854,Piercechester,New Mexico,89508,74.192275,-81.5069035
Sharon Hanna,61,1984 Jerry Stream,Paulberg,Texas,60195,-25.876215,3.7377775
James Foster,57,55246 Lisa Harbors,Wrightland,Utah,55937,-166.504263,-13.4865775
Eric Mann,46,161 Michael Estates Suite 688,North David,Minnesota,79490,176.163395,-72.7656945
Angela Mcguire,73,5774 Lauren Isle,East Christine,Nebraska,35380,-147.89434,-46.7772835
Christopher Williams,56,366 Karen Stravenue Apt. 238,North Kimberlyhaven,Wyoming,68936,-29.875649,-42.4155425
John Obrien,47,844 Kim Causeway,Amberfort,Arizona,32308,105.749712,-5.688405
Julia Schmitt DVM,51,55537 Christopher Avenue Apt. 354,West Wendy,Washington,64320,-11.678269,11.9890385
Kimberly Smith,41,0826 Maddox Courts,South Kimberlybury,Florida,20694,-151.50897,-39.8687035
Justin Taylor,42,27005 Austin Roads Apt. 119,North Wendy,South Carolina,19691,-39.990206,-80.095535
Richard Owens,62,455 Jill Point,South Anna,Oklahoma,51711,82.797024,-7.71251
Stephanie Mosley,74,114 Susan Fields,New Tammy,Tennessee,95420,46.330066,-88.240594
Steve Mercado,47,79411 Adrian Shoals Suite 368,West Juan,West Virginia,20842,-23.391686,9.3630225
Janet Williams,57,120 Morton Isle,Wisebury,Missouri,79407,141.218856,69.5977555
Teresa Davis,74,76731 Hunt Gateway Suite 643,Buchananfort,Missouri,57212,93.285926,36.204095
Jill Sanchez,59,71020 Anderson Squares Suite 211,Lewisview,Connecticut,13567,-84.250383,72.091252
Michael Moreno,74,35308 Derrick Stream,Ryanton,Wisconsin,95308,105.195972,45.145718
Jonathan Navarro,61,721 Pena Coves Apt. 784,Benderburgh,Utah,65218,173.362207,-63.1673765
Amy Rogers,69,684 Dyer Village Suite 072,North Davidmouth,Montana,87218,-84.655271,-27.5480095
Jason Wilcox DDS,56,76196 Ann Bridge Suite 717,Port Tammy,Connecticut,67571,46.887643,87.432581
Michael Yang,74,0336 Cruz Squares Apt. 055,Brucefurt,Indiana,34956,-15.585867,-12.843372
Sean Davis,49,8114 Green Club,New Jeffreymouth,Arkansas,3475,52.393417,7.2966995
David Phillips,66,11518 Haas Forge,New Haleymouth,Kentucky,77824,37.82046,46.2604
Ryan Anthony,45,404 Webb Ville,Davidsonport,Maryland,18846,-153.265618,-18.094232
Stephen Benjamin,71,87479 Fitzpatrick Stream Apt. 144,Nathanielberg,Indiana,69414,-145.23636,68.3795505
George Barnes,73,59971 May Ridges,South Kelly,Arkansas,33698,-139.46033,31.608437
Evelyn Trujillo,57,9441 Deborah Track,Robertstad,Rhode Island,31749,0.298819,85.547391
Jeffrey Mack,68,7370 Clifford Forge,North Royburgh,Hawaii,87039,133.247617,-24.172599
Renee Ramos,56,16312 Dana Tunnel Suite 104,Phamfort,Alabama,32130,-10.955479,-27.1878605
Aimee Frost,59,1732 Rebecca Extensions,Toniburgh,Washington,856,-87.223941,-38.0186905
Tina Hardy,60,474 Carrillo Shoals Apt. 096,Collinsstad,Louisiana,76473,113.979062,46.141024
Marissa Smith,66,699 Crystal Mountains,Brianland,Mississippi,8941,2.847141,-73.693924
Erica Dunn,60,070 Friedman Gateway,South Dylanchester,Indiana,13132,29.92804,-58.7225505
Kathleen Spears,52,0298 Mills Radial,Nashhaven,Kansas,33162,-20.688666,-83.112811
Lisa Brown,52,203 Beverly Unions Suite 966,Friedmanview,California,29347,141.776162,-38.3245505
Dana Lawrence,53,733 Chaney Orchard Suite 093,North Kristy,Mississippi,17789,34.022852,-86.8269145
Kayla Cruz,80,38667 Becker Lodge,New Jacobhaven,Florida,60428,-42.400107,61.129098
Christopher Cannon,44,00954 Patrick Coves,Cynthiaborough,Minnesota,7611,103.36937,-1.6152015
Mary Espinoza,75,582 Allen Forest Apt. 299,West Anneberg,Arkansas,11455,-117.901948,12.7942725
Timothy Watts,48,754 Norris Summit,South Jefferyfurt,West Virginia,16459,82.187833,22.864841
Marcus Williams,62,1183 White Freeway,Wallacefort,Wisconsin,4582,-18.31454,0.1607625
Cheryl Smith,57,9247 Toni Skyway,Powellfurt,Pennsylvania,54262,95.76835,-42.07454
Kim Adams,62,3413 Alexandra Roads Suite 626,Parktown,Vermont,62676,173.138685,22.130527
Lisa Alexander,66,810 Butler Ford Suite 586,Cohenland,Oklahoma,91189,-116.237723,21.187431
Patricia Chapman,49,077 Allison Branch Apt. 316,East Christopherview,West Virginia,33256,-57.070413,44.3227995
Sean Chen,69,485 Jones Turnpike Apt. 701,Port Anthonybury,Vermont,6637,-89.616023,-87.643647
Kurt Williams,64,4847 Castro Circles Suite 018,Valeriestad,Rhode Island,89014,-101.430995,-67.570691
Jason Sullivan,80,68919 Fields Ports,Lisaborough,Florida,29411,61.180955,40.2316075
Emily Wood,51,768 Lynch Isle Suite 488,Lake Racheltown,Vermont,42035,77.982022,-51.3002755
Cameron Johnson,41,420 Moore Ridges,Williamchester,New York,21730,-3.195365,-43.215112
Jason Yang,80,9090 King Mill,Williamsmouth,South Carolina,6468,138.251793,13.355901
Jeremy Serrano,70,2495 Robert Locks Apt. 485,Amyton,Wisconsin,65730,34.843633,-53.909772
Dr. James Ward PhD,80,0116 Christy Fords Apt. 438,Lake Lindsey,West Virginia,41275,-21.395831,-51.3734735
Heather Green,74,0287 Dixon Pine Apt. 317,North Johnmouth,New Hampshire,61102,24.870596,-75.932309
Natalie Hernandez,68,91188 Lynn Points Apt. 753,Millerport,Maine,94073,-5.194396,47.0733585
Alejandro Schroeder,48,03423 Jones Freeway Suite 346,Rickview,California,31669,-151.463517,39.1453415
Danielle Shaw,68,598 Mary Circle Suite 351,Michelleside,Utah,1977,-167.212008,-39.023022
Margaret Christian,54,382 Kathleen Stravenue,Danielland,New Hampshire,56300,-32.051825,-88.780604
Nicole Peterson,68,4088 Carla Brooks Suite 680,Armstrongbury,Hawaii,18634,-31.06661,-41.251175
Norman Smith,65,47797 Brian Spring Suite 205,Bakerborough,Oklahoma,90748,77.896188,-30.68697
Robert Kelley,76,5386 Gonzalez Ramp Apt. 680,Port Albert,Idaho,14780,132.085952,-76.796014
Scott Montes,48,24142 Robinson Landing,East Vincent,Pennsylvania,48629,-175.767249,28.4656685
Maria Morrison,50,467 Cook Springs,North Brandonborough,Hawaii,54540,112.912341,-50.7651865
Tonya Martinez,61,3974 Henson Ports,Lambertside,New Jersey,44643,67.125487,-52.293528
Elizabeth Young,43,902 William Land,Ballardfort,New Jersey,96043,-11.806245,-82.8474565
Mitchell Bush,72,995 Tracy Island,Port Jonathan,Louisiana,57949,-21.852405,6.4551265
Mitchell Allen,59,1176 Rachel Common,New Brendastad,New Jersey,91776,144.807168,62.358668
Kenneth Barnes,57,007 Casey Plaza,East Lindsay,Minnesota,56990,110.102266,-36.0132195
Joel Palmer,50,2316 Savage Islands Suite 526,Kristenport,Oregon,77404,-30.341968,6.134789
Heidi Carney,77,1769 Farmer Islands Apt. 597,Karenport,Maryland,93621,87.399114,-36.303332
Hector Montoya,76,87032 Adams Pines,Murphyhaven,Montana,64063,164.964184,-33.586923
Mark Vasquez,65,2986 Powell Lakes Apt. 937,West Gregoryview,Arizona,8879,160.678228,-29.129189
Brittany Henderson,49,39177 Ballard Hills,Velazquezchester,Kansas,31612,24.615488,-62.499263
Katherine Johnson,62,646 Lindsay Pass Apt. 306,Morrisland,Nevada,58120,100.704715,-73.734845
Allison Alvarez,53,34231 Elizabeth Greens Apt. 239,Jessicashire,Georgia,95785,-1.323141,60.297808
Barbara Rodriguez,57,905 Lopez Ramp Suite 725,New Cassandrahaven,Louisiana,89787,10.133227,38.6433065
Karen Medina,42,20936 Randy Alley,Washingtonview,New Hampshire,57661,-172.934709,-67.208805
Elizabeth Coffey,66,244 James Ports Suite 130,South David,Washington,24006,103.654509,-3.378588
Christina Franklin,43,638 Bennett Fords Apt. 070,East Ericashire,Tennessee,8105,-61.928381,-64.749593
Christopher Green,48,4914 Silva View Apt. 358,South John,Wisconsin,91101,149.525969,46.693424
Brittany Spears,41,33976 Perkins Greens Apt. 352,Floresshire,Nebraska,30397,130.20007,-7.763148
Tina Harris,66,388 Pam Greens Apt. 263,Brianmouth,Delaware,7646,-62.427377,-49.7596925
Marvin Phillips,77,11992 Jason Hill Suite 219,Brucetown,Missouri,54258,-12.922134,21.88729
Sarah Davis,77,064 Megan Stream Suite 121,New Renee,California,80094,80.723254,50.9571415
Michael Hoffman,68,67157 James Circle,Port Kimberly,Hawaii,57537,-3.780909,63.536959
Adrian Bell,56,8511 Melissa Meadow Suite 629,Vancefurt,Delaware,80833,-135.858108,-6.1329425
Kristen Kirk,65,5558 Aaron Mill Apt. 246,Rebekahchester,North Carolina,21731,-94.892479,59.0404875
Zachary Oliver,56,2778 Jones Walks,West Kellychester,Louisiana,54035,153.838335,63.3973635
Ryan James,51,844 Price Port,North Nicole,Oregon,10823,-15.523749,-62.1201565
Michael Baker,62,216 Douglas Summit Suite 759,Smithshire,New York,1089,-91.991559,80.8656845
Victoria Thompson,47,7108 Douglas Crossing,Dianafurt,Tennessee,96142,2.265733,25.9642885
Laura Alexander,46,888 Harris Fort,Taylorport,Arkansas,66307,-7.021301,-13.90824
David Lopez,73,8361 Miranda Glens Apt. 181,Jamesshire,Illinois,77734,104.546981,-37.4355355
Laura Adams,55,256 Sutton Spring,Brendatown,Mississippi,60683,91.304457,-66.6832495
Kevin Phillips,51,7273 Donald Cove Apt. 160,West Jessica,Ohio,57955,-51.58357,-17.6419945
Tara Nelson,79,85602 Kristin Terrace Suite 140,East Shannonland,Maryland,9222,78.696363,10.142863
Paul Brooks,69,24394 Laura Mountain Apt. 451,Leahmouth,South Dakota,10566,171.761597,72.677333
Miguel Ingram,58,3129 Gray Light Suite 263,East Morganmouth,California,21760,21.517659,-45.0812475
Mr. Anthony Bates,56,8786 Heather Via,Stewartfurt,Connecticut,84217,-16.789701,2.4629085
Julie Bishop,60,3429 Morris Mews,Williamsmouth,New Jersey,93830,174.673515,-35.851495
Kelly Rivera,46,188 Jessica Forks Suite 764,Stantonview,New Mexico,81674,-160.453826,-61.2960075
Brittany Jacobs,64,38807 Shea Bypass,Stevensburgh,Arizona,51600,18.055568,-24.310083
Kenneth Nixon,57,799 West Springs,Rodneychester,Mississippi,53924,-133.535825,-14.691932
Marilyn Obrien,77,44456 Amy Spurs,West Markmouth,Florida,72019,112.067132,-46.3289295
Megan Greene,51,827 Dean Mill Suite 826,Kevinbury,Alaska,55952,105.415506,30.4666815
Susan Medina,48,590 Moses Isle,Craigfort,West Virginia,25796,-76.977861,-30.248358
Nancy Nelson,79,9103 Gerald Rapids,Conniestad,Georgia,49965,-8.618829,86.3307
Adam Gonzalez,43,13981 Shannon Passage,Brownchester,Oregon,12398,-91.152678,-40.9085975
Monica Rice,65,701 Nancy Underpass,North Kellyview,Minnesota,14553,79.795567,5.612505
April Williams,46,739 Teresa Ferry,Johnsonville,Virginia,68013,74.327355,-33.182592
Allen Martin,79,830 Billy Pines,Rojasborough,Texas,81468,-176.044127,36.417477
Eric Carr,59,59128 Cooper Turnpike,Daltonland,New Jersey,37018,134.361782,-55.952468
Donna Wilson,61,9105 Johnson Ford Suite 385,New Brianstad,Colorado,5729,172.493937,-86.027447
Michael Collins,51,3627 Andrea Road,Meganfort,Vermont,12350,89.16679,69.9934845
Jenna Warner,43,0696 Hatfield Bypass Apt. 007,Mcdonaldbury,Iowa,37886,63.938919,4.246759
Paul Rivers,53,4479 Brown Road,New Brooke,Oklahoma,22124,108.024111,-14.8852675
Timothy Gray,58,7533 Shelton Port Apt. 872,West Laura,Vermont,57250,53.47286,-84.75526
Erik Owen,51,464 Michael Underpass,East Jonathon,Nebraska,64737,75.75297,63.3748535
Nathaniel Gibbs,55,24682 Barry Crossroad Apt. 371,Vazquezchester,New Mexico,63838,165.957682,-52.3797385
Kelly Miles,44,72097 Ingram Ridge Suite 916,New Isaiahhaven,Kansas,34407,49.10515,4.2705275
Paul Goodman,80,47890 Frederick Grove,Chaseborough,Arizona,41384,95.218131,-48.1973435
Charles Martinez,78,5646 Pace Station,North Elizabethmouth,Iowa,31199,-91.689499,10.6797355
Thomas Ward,70,63784 Wall Landing Apt. 971,Romeroside,Minnesota,12495,11.349408,37.035284
Zachary Francis,60,196 Tracy Corners Apt. 038,Brandonport,Alabama,12251,121.511251,51.3174945
Andrew Tucker,52,986 Nicholas Villages Suite 673,East Emilymouth,Ohio,16486,122.495619,84.4898785
Joseph James,62,009 Collins Forks Apt. 040,Hobbsstad,Hawaii,13752,135.522039,-30.4529185
Mr. Christopher Miller,61,7280 Mary Underpass,Ewingville,Mississippi,4990,-38.92299,85.607382
Tyler Taylor,74,6377 Joshua Ranch Apt. 257,South Garyport,Mississippi,6135,-111.784536,-46.165894
Taylor Knox,48,4899 Ferguson Neck,Norrisview,Wyoming,54377,35.964643,-26.2967345
Michael Liu,56,339 Stout Stream,Lake Meganfort,Delaware,22682,18.91009,-26.76899
Samantha Sanchez,70,089 Thompson Garden Apt. 360,Scotttown,Texas,50659,-122.590431,-29.7666675
Martin Clarke,61,33096 Greg Corners,Waltermouth,Rhode Island,48803,73.05354,-45.1882635
Emily Smith,45,7781 Lopez Ramp Apt. 925,Parkerton,Virginia,93675,-165.961748,-11.2876205
Jennifer Mahoney,53,165 Sanders Extension,Hallstad,Nebraska,63974,107.858947,-65.277872
Joel Curtis,51,73987 Lauren Highway,South Katie,Delaware,43141,128.553218,-89.332642
Shane Floyd,72,81441 Brian Gardens,Toddview,North Dakota,25772,-132.825474,20.134795
Lisa English,55,100 Rosales Forks Suite 903,North Katherineland,Pennsylvania,87257,-70.537286,-83.276413
Stephanie Holt,79,6638 Graham Knolls,Emilyfurt,Illinois,84803,-54.390551,-18.125623
Ian Thomas,79,8236 Gonzales Port Apt. 923,Johnfort,Arkansas,49174,173.555423,-22.1972815
Glenn Smith,41,2073 Barbara Glen Apt. 869,Lake Mauriceton,Mississippi,51377,149.875224,67.5191005
Shawna Baker,71,9342 Christopher Cape,West Theodoreport,Arkansas,90869,42.824263,53.373322
Matthew Olson,50,03061 Eileen View Suite 491,Michaelshire,Georgia,87358,125.452258,51.7026565
Amy Beck,72,458 Eric Port Apt. 260,Carneybury,Minnesota,55250,25.415181,45.644711
Ronald Huynh,52,6514 Washington Stravenue Suite 089,East Danielle,New Jersey,54448,-175.384234,59.68566
Ruth Luna,47,96271 Morgan Drives,East Kathryn,Ohio,73779,-107.859776,-28.228202
Regina Fitzgerald,55,98164 Maria Gateway,South Whitneychester,Wyoming,58440,-118.015702,23.39392
Stephanie Brown,79,34002 Fields Brook Apt. 991,East Anthony,Connecticut,61457,59.99671,-18.038835
Tyler White,62,6660 Anna Burgs Suite 624,South Briannaburgh,Delaware,49109,22.067306,15.598743
Heather Turner,59,610 Timothy Brook,Bryantbury,Indiana,30284,-107.257355,21.0820195
Brian Doyle,54,1129 Martin Haven,Barneshaven,Idaho,30386,73.536527,-69.0359345
David Taylor,77,6566 Frye Center,South Melissa,Alaska,18094,-62.979779,27.3619175
Theresa James,75,86652 Eric Centers Apt. 877,Lewischester,Nebraska,19582,-157.042415,46.593478
Kevin Gutierrez,73,99441 Chambers Stream,South Lisa,Nevada,83455,-65.295463,-55.1929355
David Wilson,48,90785 Sullivan Parkways,Gillville,Alaska,95461,-3.168412,77.148184
Victoria Nguyen,54,75509 White Alley Apt. 000,Williamfort,Minnesota,41811,45.907149,88.1915915
Teresa Howell,45,6069 King Rest,South Kristin,Pennsylvania,74073,168.74571,3.9489545
Noah Jones,73,1810 Mark Crescent,North Amy,Oregon,27507,125.519824,83.4964595
Regina Acosta,52,18150 Rice Vista Apt. 854,Woodtown,South Dakota,6670,69.871828,25.545064
Keith Ramirez,74,90448 Wiley Walk,Elizabethhaven,Texas,55963,-101.312461,2.727899
Randall Fisher,58,52792 Hannah Course,North Brianton,Maine,24166,-47.313751,-5.322935
Audrey Cruz,54,34016 Hernandez Via,Kaiserfort,New Jersey,28731,-80.875655,14.6632815
Michelle Young,42,58459 Larsen Oval,Shannonport,North Dakota,47709,-33.220003,16.7844835
Adrian Nguyen,74,93333 Quinn Wells Suite 531,South Maryfort,Virginia,77922,50.014126,-46.948668
Manuel Young,78,40022 Swanson Squares,New Cynthia,Illinois,10489,-46.039081,-28.6609915
Jose Morgan,43,066 Hickman Shoals,Villaborough,Minnesota,18549,15.046908,-47.9683955
Keith Finley MD,77,01548 Barbara Prairie Suite 699,Foxmouth,Delaware,87058,164.627069,-40.779588
Isaiah Moore,61,746 Murphy Green,Brownborough,Kentucky,64804,-162.360207,-69.043997
Eric Benton,53,2988 Woods Forge Apt. 145,Lake Michele,Minnesota,39364,-22.264158,-20.277133
Lisa Mayo,47,31168 Wilson Stravenue Apt. 379,Jamesport,California,10489,150.732403,15.302978
Christian Hill,80,514 Welch Plaza Suite 889,Johnchester,Vermont,94005,-3.331496,49.8955505
Jeffrey Rivas,50,411 Walsh Greens,Comptonborough,Nevada,59202,152.655378,88.9803695
Chris Russell,80,82384 Gomez Crest,West Angieborough,Washington,20967,42.972346,54.8029935
Madison Mitchell,53,387 Jeremy Ramp,Odonnellfort,Maine,85380,-129.442753,-38.144761
Jasmine Carey,65,04628 Miller Plaza Apt. 541,Cummingsland,New York,91694,-53.810511,-82.966001
Tiffany Best,71,1082 Smith Curve,Joshuashire,Maryland,59080,-20.497261,68.461973
Dean Sanford,42,07210 Gates Station,Rosestad,Kentucky,2753,133.820775,85.307056
Barbara Brooks,69,67747 Heather Roads Apt. 605,Lake Franklin,Hawaii,20939,-61.230559,-25.7654315
David Marsh,75,264 Maria Centers,East Anna,Washington,88384,132.919829,69.8681635
Carl Sparks,60,230 Huff Ways Suite 430,Flemingberg,Delaware,4123,139.222451,11.8540735
Charlene Taylor,46,522 Johnathan Heights Apt. 068,South Samanthaborough,Pennsylvania,46323,75.072303,-74.92069
Dr. Elizabeth Ruiz DVM,49,548 Ashley Harbors,Lake Alexander,New Hampshire,79239,69.612763,78.645315
Theresa Mcfarland,53,6533 Rice Port,Bethfurt,Connecticut,10587,82.688572,-77.557744
Eric Fry,56,60568 Danielle Circle Suite 042,Bakerland,Kentucky,34109,158.601478,-0.149757
Stephanie Singleton,72,7055 Nelson Islands Suite 947,Brendabury,Nebraska,20828,-113.256656,81.2371515
Johnny Gutierrez,55,833 Kimberly Port,East Alyssashire,Virginia,96404,-69.492239,61.707851
Ryan Smith,43,986 Gloria Shoals,Rhodesberg,Maine,8980,-7.962092,8.700949
David Macias,71,008 Matthew Creek,Solismouth,West Virginia,80497,174.628338,46.9763625
Perry Williams,46,320 Williams Burg Suite 322,East Anthonyfort,Nevada,35056,-86.464089,22.8849185
Timothy Reed MD,65,45627 Garrett Fields,New William,Vermont,19949,110.62371,-53.922125
Ryan Bautista,64,0788 Brandon Skyway,New Corey,Texas,14967,5.116968,37.5021685
Travis Fleming,78,03262 Gomez Roads,New Thomas,New York,20981,-149.525417,-74.126211
Dustin White,56,1335 Destiny Street,North Steven,Indiana,25177,153.524251,73.0708475
Christopher Wright,52,61567 Jeremy Wells Suite 104,Johnfort,Illinois,31958,40.710746,-24.9291865
William Gibson,77,884 Lewis Squares Apt. 029,Lake Michaelberg,Arkansas,1685,101.53335,11.0602865
Jared Johnson,66,2171 Elliott Street Suite 499,Mcgeeberg,Ohio,76953,39.094852,29.653086
Kurt Sanchez,59,530 Shannon Knoll,East Bradley,North Dakota,55799,-156.509261,-55.381004
Stephanie Howard,54,4420 Moore Valley Apt. 157,Jamesland,Nebraska,89475,-177.843656,-10.3438475
Joseph Jones,66,622 Baldwin Summit Suite 019,North Rebeccaburgh,Vermont,49392,105.630307,-31.5123115
Elizabeth Torres,68,3143 Mahoney Rapid Suite 383,New Jamesview,Rhode Island,79874,135.746836,-84.0069945
Felicia Hernandez,64,059 Kerr Fork,East Elizabethside,Alaska,91686,106.34701,82.3547855
Elizabeth Hall,63,689 Jerry Ville,East Kayla,Tennessee,86578,-7.209093,31.955475
Sheri Kennedy,50,515 Luke Tunnel Apt. 048,North Jasmineberg,Tennessee,16999,128.558249,39.8315105
Daniel Nelson,62,49647 Cross Ville,Brittanyview,North Carolina,92560,149.48867,-10.957883
Dennis Fuentes,45,07350 Christopher Stravenue,Hannahmouth,Montana,91059,12.195199,5.6328515
Cameron Moses,66,658 Veronica Plain,Loveton,Ohio,65392,-85.472559,81.928607
Ronald Morris,61,059 Michael Courts,Darrenberg,California,99582,-38.832662,69.3576325
Holly Wilson,57,20037 Clark Skyway,North Barbaraberg,Hawaii,97410,-46.981604,57.799599
Catherine Hawkins,71,8326 Mary Run,Trevinomouth,Missouri,18591,-127.643714,65.6507685
Alexander Morgan,58,877 Mark Lake Apt. 283,New Codyton,Vermont,50136,-177.757181,21.59222
Victor Dixon,59,948 Davidson Cliff,Buckborough,Ohio,70787,14.875697,-76.8795215
Paige Glass,67,817 Wallace Islands Suite 458,West Kelseyfurt,California,65858,152.536103,-53.393454
Kyle Hooper,62,61595 Peter Forge,East Davidbury,Idaho,11568,55.059585,66.586389
Mark Johnson,61,2276 Lauren Mission,Davidsonville,Arkansas,50592,-73.496584,-78.450221
Charles Baker,67,50641 Johnson Path,Lake Spencer,California,66542,-108.899299,-49.0410415
Alexandra Steele,70,5758 Matthew Common Suite 266,Mileshaven,Alabama,8845,74.356068,37.544538
Amanda Villarreal,64,0239 Amy Junction,East Brandonland,Colorado,96222,72.594845,34.6845935
Donna Dickson,62,3591 Keller Radial Suite 251,West Emilystad,Montana,24359,-101.3924,-50.4000295
Michael Clark,56,847 Ross Fort Suite 759,West Melissaside,Maryland,24059,-64.837698,22.848885
Danielle Peterson,75,007 David Rue Apt. 096,New Natalie,Georgia,5076,-165.82767,-81.2155925
Eugene Hall,64,3987 Brown Springs Suite 664,Greenstad,California,81438,127.267735,-6.6933915
Stephanie Nichols,44,76152 Traci Wall,East Marioberg,Iowa,80941,173.169834,-54.33598
Brandi Prince,51,265 Franklin Skyway,Port Ryan,Illinois,27730,113.409761,-1.9055555
Cynthia Summers,62,458 Gonzalez Land Apt. 454,Hectorland,Ohio,43286,-60.859583,37.5873685
Jaime Sanders,69,73532 Smith Route Apt. 094,Conleyshire,Connecticut,46276,65.320849,-44.394227
Michael Jones,60,90262 Hannah Mountains,Gordonland,Missouri,57060,100.93245,-79.582898
Michael Herrera,47,17061 Maria Trail,Tiffanyland,Indiana,53312,-8.971823,-55.3073195
James Ellis,61,0666 Wagner Turnpike Suite 961,Simmonsmouth,Rhode Island,67810,153.530384,-27.457913
Thomas Huffman,41,07086 Johnson Glens,East James,North Dakota,5833,35.770205,-11.0241235
Sabrina Ramirez,48,541 Rebecca Glens Suite 468,Lake Alexandrashire,New York,43733,-23.471227,46.487067
Karen Lewis,65,453 Brittney Spur,New Deborahhaven,Connecticut,66569,-4.873166,-10.235324
Karen Anderson,58,32390 Jose Circles Suite 601,Jacksonland,Colorado,73002,-130.605947,-88.7676905
Jennifer Green,51,5334 Debbie Harbor,Stuartport,Ohio,58857,114.90738,-74.1348435
Wanda Harrell,53,957 Jerry Ways Suite 924,Lake Barbarastad,Iowa,75754,-157.007084,89.8574895
Angela Rubio,47,98480 Angela Stravenue Suite 415,Hallville,New Jersey,11036,-148.650314,87.0421235
Jonathan Coleman,70,8015 Lindsey Club,Kimberlyfort,West Virginia,62148,102.922663,-79.8767265
Jeffery Armstrong,52,493 Stephanie Junctions Apt. 929,Port William,Maine,65228,179.602534,61.4271955
Sarah Aguirre,70,10991 Steven View Apt. 694,Rogersfort,Vermont,67667,-98.087523,25.8690635
Rebecca Miranda,62,0308 Miller Stravenue,Kelseyberg,West Virginia,83088,-123.038515,74.116228
Adam Lyons,42,65391 Lisa Fields Apt. 219,West Denise,Michigan,2914,-79.932204,4.363431
Madeline Christensen,75,10008 James Divide Suite 371,Crosstown,New Hampshire,84141,124.561782,63.456607
Anne Peters,63,1599 Gates Brook,Benjaminland,Missouri,13020,-107.263943,-83.2490775
Robert Fritz,60,58428 William Turnpike,Moodyberg,Arkansas,84978,-48.527043,35.2017955
Linda Scott,57,963 James Summit Apt. 100,Knoxfort,Pennsylvania,24615,-35.40067,5.4477985
Daniel Velez,63,14614 Dawson Flats,North Matthew,New Mexico,72987,29.26404,32.3156255
Hailey Blair,50,351 Andrea Junctions Apt. 459,Ryanfurt,Michigan,25586,61.168393,-44.519629
Kenneth Murphy,68,509 Owens Land Suite 506,West Robert,Tennessee,58392,-103.533078,3.836304
Charles Lara,76,317 Samuel Views Apt. 553,West Emilytown,California,1672,-5.969128,-6.0611705
Valerie Palmer,68,914 Matthew Via,New Markport,California,69976,15.708983,-9.128905
